Country	Date	Cases	Recovered	Deaths
Belgium	2020-01-22	0	0	0
Belgium	2020-01-23	0	0	0
Belgium	2020-01-24	0	0	0
Belgium	2020-01-25	0	0	0
Belgium	2020-01-26	0	0	0
Belgium	2020-01-27	0	0	0
Belgium	2020-01-28	0	0	0
Belgium	2020-01-29	0	0	0
Belgium	2020-01-30	0	0	0
Belgium	2020-01-31	0	0	0
Belgium	2020-02-01	0	0	0
Belgium	2020-02-02	0	0	0
Belgium	2020-02-03	0	0	0
Belgium	2020-02-04	1	0	0
Belgium	2020-02-05	1	0	0
Belgium	2020-02-06	1	0	0
Belgium	2020-02-07	1	0	0
Belgium	2020-02-08	1	0	0
Belgium	2020-02-09	1	0	0
Belgium	2020-02-10	1	0	0
Belgium	2020-02-11	1	0	0
Belgium	2020-02-12	1	0	0
Belgium	2020-02-13	1	0	0
Belgium	2020-02-14	1	0	0
Belgium	2020-02-15	1	0	0
Belgium	2020-02-16	1	0	0
Belgium	2020-02-17	1	1	0
Belgium	2020-02-18	1	1	0
Belgium	2020-02-19	1	1	0
Belgium	2020-02-20	1	1	0
Belgium	2020-02-21	1	1	0
Belgium	2020-02-22	1	1	0
Belgium	2020-02-23	1	1	0
Belgium	2020-02-24	1	1	0
Belgium	2020-02-25	1	1	0
Belgium	2020-02-26	1	1	0
Belgium	2020-02-27	1	1	0
Belgium	2020-02-28	1	1	0
Belgium	2020-02-29	1	1	0
Belgium	2020-03-01	2	1	0
Belgium	2020-03-02	8	1	0
Belgium	2020-03-03	13	1	0
Belgium	2020-03-04	23	1	0
Belgium	2020-03-05	50	1	0
Belgium	2020-03-06	109	1	0
Belgium	2020-03-07	169	1	0
Belgium	2020-03-08	200	1	0
Belgium	2020-03-09	239	1	0
Belgium	2020-03-10	267	1	0
Belgium	2020-03-11	314	1	3
Belgium	2020-03-12	314	1	3
Belgium	2020-03-13	559	1	3
Belgium	2020-03-14	689	1	4
Belgium	2020-03-15	886	1	4
Belgium	2020-03-16	1058	1	5
Belgium	2020-03-17	1243	1	10
Belgium	2020-03-18	1486	31	14
Belgium	2020-03-19	1795	31	21
Belgium	2020-03-20	2257	1	37
Belgium	2020-03-21	2815	263	67
Belgium	2020-03-22	3401	263	75
Belgium	2020-03-23	3743	263	88
Belgium	2020-03-24	4269	461	122
Belgium	2020-03-25	4937	547	178
Belgium	2020-03-26	6235	675	220
Belgium	2020-03-27	7284	858	289
Belgium	2020-03-28	9134	1063	353
Belgium	2020-03-29	10836	1359	431
Belgium	2020-03-30	11899	1527	513
Belgium	2020-03-31	12775	1696	705
Belgium	2020-04-01	13964	2132	828
Belgium	2020-04-02	15348	2495	1011
Belgium	2020-04-03	16770	2872	1143
Belgium	2020-04-04	18431	3247	1283
Belgium	2020-04-05	19691	3751	1447
Belgium	2020-04-06	20814	3986	1632
Belgium	2020-04-07	22194	4157	2035
Belgium	2020-04-08	23403	4681	2240
Belgium	2020-04-09	24983	5164	2523
Belgium	2020-04-10	26667	5568	3019
Belgium	2020-04-11	28018	5986	3346
Belgium	2020-04-12	29647	6463	3600
Belgium	2020-04-13	30589	6707	3903
Belgium	2020-04-14	31119	6868	4157
Belgium	2020-04-15	33573	7107	4440
Belgium	2020-04-16	34809	7562	4857
Belgium	2020-04-17	36138	7961	5163
Belgium	2020-04-18	37183	8348	5453
Belgium	2020-04-19	38496	8757	5683
Belgium	2020-04-20	39983	8895	5828
Belgium	2020-04-21	40956	9002	5998
Belgium	2020-04-22	41889	9433	6262
Belgium	2020-04-23	42797	9800	6490
Belgium	2020-04-24	44293	10122	6679
Belgium	2020-04-25	45325	10417	6917
Belgium	2020-04-26	46134	10785	7094
Belgium	2020-04-27	46687	10878	7207
Canada	2020-01-22	0	0	0
Canada	2020-01-23	0	0	0
Canada	2020-01-24	0	0	0
Canada	2020-01-25	0	0	0
Canada	2020-01-26	1	0	0
Canada	2020-01-27	1	0	0
Canada	2020-01-28	2	0	0
Canada	2020-01-29	2	0	0
Canada	2020-01-30	2	0	0
Canada	2020-01-31	4	0	0
Canada	2020-02-01	4	0	0
Canada	2020-02-02	4	0	0
Canada	2020-02-03	4	0	0
Canada	2020-02-04	4	0	0
Canada	2020-02-05	5	0	0
Canada	2020-02-06	5	0	0
Canada	2020-02-07	7	0	0
Canada	2020-02-08	7	0	0
Canada	2020-02-09	7	0	0
Canada	2020-02-10	7	0	0
Canada	2020-02-11	7	0	0
Canada	2020-02-12	7	1	0
Canada	2020-02-13	7	1	0
Canada	2020-02-14	7	1	0
Canada	2020-02-15	7	1	0
Canada	2020-02-16	7	1	0
Canada	2020-02-17	8	1	0
Canada	2020-02-18	8	1	0
Canada	2020-02-19	8	1	0
Canada	2020-02-20	8	1	0
Canada	2020-02-21	9	3	0
Canada	2020-02-22	9	3	0
Canada	2020-02-23	9	3	0
Canada	2020-02-24	10	3	0
Canada	2020-02-25	11	3	0
Canada	2020-02-26	11	3	0
Canada	2020-02-27	13	6	0
Canada	2020-02-28	14	6	0
Canada	2020-02-29	20	6	0
Canada	2020-03-01	24	6	0
Canada	2020-03-02	27	6	0
Canada	2020-03-03	30	6	0
Canada	2020-03-04	33	6	0
Canada	2020-03-05	37	6	0
Canada	2020-03-06	49	6	0
Canada	2020-03-07	54	8	0
Canada	2020-03-08	64	8	0
Canada	2020-03-09	77	8	1
Canada	2020-03-10	79	8	1
Canada	2020-03-11	108	8	1
Canada	2020-03-12	117	8	1
Canada	2020-03-13	193	8	1
Canada	2020-03-14	198	8	1
Canada	2020-03-15	252	8	1
Canada	2020-03-16	415	9	4
Canada	2020-03-17	478	9	5
Canada	2020-03-18	657	9	8
Canada	2020-03-19	800	9	9
Canada	2020-03-20	943	9	12
Canada	2020-03-21	1277	10	19
Canada	2020-03-22	1469	10	21
Canada	2020-03-23	2088	10	25
Canada	2020-03-24	2790	110	26
Canada	2020-03-25	3251	183	30
Canada	2020-03-26	4042	184	38
Canada	2020-03-27	4682	256	54
Canada	2020-03-28	5576	466	61
Canada	2020-03-29	6280	466	64
Canada	2020-03-30	7398	466	80
Canada	2020-03-31	8527	1592	101
Canada	2020-04-01	9560	1324	109
Canada	2020-04-02	11284	1735	139
Canada	2020-04-03	12437	2175	179
Canada	2020-04-04	12978	2577	218
Canada	2020-04-05	15756	3012	259
Canada	2020-04-06	16563	3256	339
Canada	2020-04-07	17872	3791	375
Canada	2020-04-08	19141	4154	407
Canada	2020-04-09	20654	5162	503
Canada	2020-04-10	22059	5855	557
Canada	2020-04-11	23316	6589	654
Canada	2020-04-12	24299	7123	714
Canada	2020-04-13	25680	7758	781
Canada	2020-04-14	27035	8210	901
Canada	2020-04-15	28209	8966	1008
Canada	2020-04-16	30809	9698	1259
Canada	2020-04-17	32814	10545	1356
Canada	2020-04-18	34356	10964	1401
Canada	2020-04-19	35633	11847	1565
Canada	2020-04-20	37658	12543	1727
Canada	2020-04-21	39402	13188	1910
Canada	2020-04-22	41663	14454	2078
Canada	2020-04-23	43299	14761	2241
Canada	2020-04-24	44919	15149	2402
Canada	2020-04-25	46371	16013	2571
Canada	2020-04-26	48033	16883	2687
Canada	2020-04-27	49616	18268	2841
China	2020-01-22	548	28	17
China	2020-01-23	643	30	18
China	2020-01-24	920	36	26
China	2020-01-25	1406	39	42
China	2020-01-26	2075	49	56
China	2020-01-27	2877	58	82
China	2020-01-28	5509	101	131
China	2020-01-29	6087	120	133
China	2020-01-30	8141	135	171
China	2020-01-31	9802	214	213
China	2020-02-01	11891	275	259
China	2020-02-02	16630	463	361
China	2020-02-03	19716	614	425
China	2020-02-04	23707	843	491
China	2020-02-05	27440	1115	563
China	2020-02-06	30587	1477	633
China	2020-02-07	34110	1999	718
China	2020-02-08	36814	2596	805
China	2020-02-09	39829	3219	905
China	2020-02-10	42354	3918	1012
China	2020-02-11	44386	4636	1112
China	2020-02-12	44759	5082	1117
China	2020-02-13	59895	6217	1369
China	2020-02-14	66358	7977	1521
China	2020-02-15	68413	9298	1663
China	2020-02-16	70513	10755	1766
China	2020-02-17	72434	12462	1864
China	2020-02-18	74211	14206	2003
China	2020-02-19	74619	15962	2116
China	2020-02-20	75077	18014	2238
China	2020-02-21	75550	18704	2238
China	2020-02-22	77001	22699	2443
China	2020-02-23	77022	23187	2445
China	2020-02-24	77241	25015	2595
China	2020-02-25	77754	27676	2665
China	2020-02-26	78166	30084	2717
China	2020-02-27	78600	32930	2746
China	2020-02-28	78928	36329	2790
China	2020-02-29	79356	39320	2837
China	2020-03-01	79932	42162	2872
China	2020-03-02	80136	44854	2914
China	2020-03-03	80261	47450	2947
China	2020-03-04	80386	50001	2983
China	2020-03-05	80537	52292	3015
China	2020-03-06	80690	53944	3044
China	2020-03-07	80770	55539	3072
China	2020-03-08	80823	57388	3100
China	2020-03-09	80860	58804	3123
China	2020-03-10	80887	60181	3139
China	2020-03-11	80921	61644	3161
China	2020-03-12	80932	62901	3172
China	2020-03-13	80945	64196	3180
China	2020-03-14	80977	65660	3193
China	2020-03-15	81003	67017	3203
China	2020-03-16	81033	67910	3217
China	2020-03-17	81058	68798	3230
China	2020-03-18	81102	69755	3241
China	2020-03-19	81156	70535	3249
China	2020-03-20	81250	71266	3253
China	2020-03-21	81305	71857	3259
China	2020-03-22	81435	72362	3274
China	2020-03-23	81498	72814	3274
China	2020-03-24	81591	73280	3281
China	2020-03-25	81661	73773	3285
China	2020-03-26	81782	74181	3291
China	2020-03-27	81897	74720	3296
China	2020-03-28	81999	75100	3299
China	2020-03-29	82122	75582	3304
China	2020-03-30	82198	75923	3308
China	2020-03-31	82279	76206	3309
China	2020-04-01	82361	76405	3316
China	2020-04-02	82432	76565	3322
China	2020-04-03	82511	76760	3326
China	2020-04-04	82543	76946	3330
China	2020-04-05	82602	77207	3333
China	2020-04-06	82665	77310	3335
China	2020-04-07	82718	77410	3335
China	2020-04-08	82809	77567	3337
China	2020-04-09	82883	77679	3339
China	2020-04-10	82941	77791	3340
China	2020-04-11	83014	77877	3343
China	2020-04-12	83134	77956	3343
China	2020-04-13	83213	78039	3345
China	2020-04-14	83306	78200	3345
China	2020-04-15	83356	78311	3346
China	2020-04-16	83403	78401	3346
China	2020-04-17	83760	77552	4636
China	2020-04-18	83787	77614	4636
China	2020-04-19	83805	77690	4636
China	2020-04-20	83817	77745	4636
China	2020-04-21	83853	77799	4636
China	2020-04-22	83868	77861	4636
China	2020-04-23	83884	77983	4636
China	2020-04-24	83899	78109	4636
China	2020-04-25	83909	78175	4636
China	2020-04-26	83912	78277	4637
China	2020-04-27	83918	78374	4637
France	2020-01-22	0	0	0
France	2020-01-23	0	0	0
France	2020-01-24	2	0	0
France	2020-01-25	3	0	0
France	2020-01-26	3	0	0
France	2020-01-27	3	0	0
France	2020-01-28	4	0	0
France	2020-01-29	5	0	0
France	2020-01-30	5	0	0
France	2020-01-31	5	0	0
France	2020-02-01	6	0	0
France	2020-02-02	6	0	0
France	2020-02-03	6	0	0
France	2020-02-04	6	0	0
France	2020-02-05	6	0	0
France	2020-02-06	6	0	0
France	2020-02-07	6	0	0
France	2020-02-08	11	0	0
France	2020-02-09	11	0	0
France	2020-02-10	11	0	0
France	2020-02-11	11	0	0
France	2020-02-12	11	2	0
France	2020-02-13	11	2	0
France	2020-02-14	11	2	0
France	2020-02-15	12	4	1
France	2020-02-16	12	4	1
France	2020-02-17	12	4	1
France	2020-02-18	12	4	1
France	2020-02-19	12	4	1
France	2020-02-20	12	4	1
France	2020-02-21	12	4	1
France	2020-02-22	12	4	1
France	2020-02-23	12	4	1
France	2020-02-24	12	4	1
France	2020-02-25	14	11	1
France	2020-02-26	18	11	2
France	2020-02-27	38	11	2
France	2020-02-28	57	11	2
France	2020-02-29	100	12	2
France	2020-03-01	130	12	2
France	2020-03-02	191	12	3
France	2020-03-03	204	12	4
France	2020-03-04	288	12	4
France	2020-03-05	380	12	6
France	2020-03-06	656	12	9
France	2020-03-07	959	12	11
France	2020-03-08	1136	12	19
France	2020-03-09	1219	12	19
France	2020-03-10	1794	12	33
France	2020-03-11	2293	12	48
France	2020-03-12	2293	12	48
France	2020-03-13	3681	12	79
France	2020-03-14	4496	12	91
France	2020-03-15	4532	12	91
France	2020-03-16	6683	12	149
France	2020-03-17	7715	12	149
France	2020-03-18	9124	12	149
France	2020-03-19	10970	12	244
France	2020-03-20	12758	12	451
France	2020-03-21	14463	12	563
France	2020-03-22	16243	2206	676
France	2020-03-23	20123	2206	862
France	2020-03-24	22622	3250	1102
France	2020-03-25	25600	3907	1333
France	2020-03-26	29551	4955	1698
France	2020-03-27	33402	5707	1997
France	2020-03-28	38105	5724	2317
France	2020-03-29	40708	7226	2611
France	2020-03-30	45170	7964	3030
France	2020-03-31	52827	9513	3532
France	2020-04-01	57749	11053	4414
France	2020-04-02	59929	12548	5398
France	2020-04-03	65202	14135	6520
France	2020-04-04	69500	15572	7574
France	2020-04-05	71412	16349	8093
France	2020-04-06	75343	17428	8926
France	2020-04-07	79163	19523	10343
France	2020-04-08	83057	21452	10887
France	2020-04-09	87366	23413	12228
France	2020-04-10	91738	25195	13215
France	2020-04-11	94863	26663	13851
France	2020-04-12	121712	27469	14412
France	2020-04-13	125394	28001	14986
France	2020-04-14	130365	29098	15748
France	2020-04-15	133585	31470	17188
France	2020-04-16	146075	33327	17941
France	2020-04-17	148084	35006	18703
France	2020-04-18	148086	36587	19345
France	2020-04-19	153011	37183	19744
France	2020-04-20	155393	38036	20292
France	2020-04-21	158168	39819	20829
France	2020-04-22	155980	41326	21373
France	2020-04-23	158303	42762	21889
France	2020-04-24	159952	44271	22279
France	2020-04-25	161644	45372	22648
France	2020-04-26	162220	45681	22890
France	2020-04-27	165963	46293	23327
Germany	2020-01-22	0	0	0
Germany	2020-01-23	0	0	0
Germany	2020-01-24	0	0	0
Germany	2020-01-25	0	0	0
Germany	2020-01-26	0	0	0
Germany	2020-01-27	1	0	0
Germany	2020-01-28	4	0	0
Germany	2020-01-29	4	0	0
Germany	2020-01-30	4	0	0
Germany	2020-01-31	5	0	0
Germany	2020-02-01	8	0	0
Germany	2020-02-02	10	0	0
Germany	2020-02-03	12	0	0
Germany	2020-02-04	12	0	0
Germany	2020-02-05	12	0	0
Germany	2020-02-06	12	0	0
Germany	2020-02-07	13	0	0
Germany	2020-02-08	13	0	0
Germany	2020-02-09	14	0	0
Germany	2020-02-10	14	0	0
Germany	2020-02-11	16	0	0
Germany	2020-02-12	16	0	0
Germany	2020-02-13	16	1	0
Germany	2020-02-14	16	1	0
Germany	2020-02-15	16	1	0
Germany	2020-02-16	16	1	0
Germany	2020-02-17	16	1	0
Germany	2020-02-18	16	12	0
Germany	2020-02-19	16	12	0
Germany	2020-02-20	16	12	0
Germany	2020-02-21	16	14	0
Germany	2020-02-22	16	14	0
Germany	2020-02-23	16	14	0
Germany	2020-02-24	16	14	0
Germany	2020-02-25	17	14	0
Germany	2020-02-26	27	15	0
Germany	2020-02-27	46	16	0
Germany	2020-02-28	48	16	0
Germany	2020-02-29	79	16	0
Germany	2020-03-01	130	16	0
Germany	2020-03-02	159	16	0
Germany	2020-03-03	196	16	0
Germany	2020-03-04	262	16	0
Germany	2020-03-05	482	16	0
Germany	2020-03-06	670	17	0
Germany	2020-03-07	799	18	0
Germany	2020-03-08	1040	18	0
Germany	2020-03-09	1176	18	2
Germany	2020-03-10	1457	18	2
Germany	2020-03-11	1908	25	3
Germany	2020-03-12	2078	25	3
Germany	2020-03-13	3675	46	7
Germany	2020-03-14	4585	46	9
Germany	2020-03-15	5795	46	11
Germany	2020-03-16	7272	67	17
Germany	2020-03-17	9257	67	24
Germany	2020-03-18	12327	105	28
Germany	2020-03-19	15320	113	44
Germany	2020-03-20	19848	180	67
Germany	2020-03-21	22213	233	84
Germany	2020-03-22	24873	266	94
Germany	2020-03-23	29056	266	123
Germany	2020-03-24	32986	3243	157
Germany	2020-03-25	37323	3547	206
Germany	2020-03-26	43938	5673	267
Germany	2020-03-27	50871	6658	342
Germany	2020-03-28	57695	8481	433
Germany	2020-03-29	62095	9211	533
Germany	2020-03-30	66885	13500	645
Germany	2020-03-31	71808	16100	775
Germany	2020-04-01	77872	18700	920
Germany	2020-04-02	84794	22440	1107
Germany	2020-04-03	91159	24575	1275
Germany	2020-04-04	96092	26400	1444
Germany	2020-04-05	100123	28700	1584
Germany	2020-04-06	103374	28700	1810
Germany	2020-04-07	107663	36081	2016
Germany	2020-04-08	113296	46300	2349
Germany	2020-04-09	118181	52407	2607
Germany	2020-04-10	122171	53913	2767
Germany	2020-04-11	124908	57400	2736
Germany	2020-04-12	127854	60300	3022
Germany	2020-04-13	130072	64300	3194
Germany	2020-04-14	131359	68200	3294
Germany	2020-04-15	134753	72600	3804
Germany	2020-04-16	137698	77000	4052
Germany	2020-04-17	141397	83114	4352
Germany	2020-04-18	143342	85400	4459
Germany	2020-04-19	145184	88000	4586
Germany	2020-04-20	147065	91500	4862
Germany	2020-04-21	148291	95200	5033
Germany	2020-04-22	150648	99400	5279
Germany	2020-04-23	153129	103300	5575
Germany	2020-04-24	154999	109800	5760
Germany	2020-04-25	156513	109800	5877
Germany	2020-04-26	157770	112000	5976
Germany	2020-04-27	158758	114500	6126
Iran	2020-01-22	0	0	0
Iran	2020-01-23	0	0	0
Iran	2020-01-24	0	0	0
Iran	2020-01-25	0	0	0
Iran	2020-01-26	0	0	0
Iran	2020-01-27	0	0	0
Iran	2020-01-28	0	0	0
Iran	2020-01-29	0	0	0
Iran	2020-01-30	0	0	0
Iran	2020-01-31	0	0	0
Iran	2020-02-01	0	0	0
Iran	2020-02-02	0	0	0
Iran	2020-02-03	0	0	0
Iran	2020-02-04	0	0	0
Iran	2020-02-05	0	0	0
Iran	2020-02-06	0	0	0
Iran	2020-02-07	0	0	0
Iran	2020-02-08	0	0	0
Iran	2020-02-09	0	0	0
Iran	2020-02-10	0	0	0
Iran	2020-02-11	0	0	0
Iran	2020-02-12	0	0	0
Iran	2020-02-13	0	0	0
Iran	2020-02-14	0	0	0
Iran	2020-02-15	0	0	0
Iran	2020-02-16	0	0	0
Iran	2020-02-17	0	0	0
Iran	2020-02-18	0	0	0
Iran	2020-02-19	2	0	2
Iran	2020-02-20	5	0	2
Iran	2020-02-21	18	0	4
Iran	2020-02-22	28	0	5
Iran	2020-02-23	43	0	8
Iran	2020-02-24	61	0	12
Iran	2020-02-25	95	0	16
Iran	2020-02-26	139	49	19
Iran	2020-02-27	245	49	26
Iran	2020-02-28	388	73	34
Iran	2020-02-29	593	123	43
Iran	2020-03-01	978	175	54
Iran	2020-03-02	1501	291	66
Iran	2020-03-03	2336	291	77
Iran	2020-03-04	2922	552	92
Iran	2020-03-05	3513	739	107
Iran	2020-03-06	4747	913	124
Iran	2020-03-07	5823	1669	145
Iran	2020-03-08	6566	2134	194
Iran	2020-03-09	7161	2394	237
Iran	2020-03-10	8042	2731	291
Iran	2020-03-11	9000	2959	354
Iran	2020-03-12	10075	2959	429
Iran	2020-03-13	11364	2959	514
Iran	2020-03-14	12729	2959	611
Iran	2020-03-15	13938	4590	724
Iran	2020-03-16	14991	4590	853
Iran	2020-03-17	16169	5389	988
Iran	2020-03-18	17361	5389	1135
Iran	2020-03-19	18407	5710	1284
Iran	2020-03-20	19644	6745	1433
Iran	2020-03-21	20610	7635	1556
Iran	2020-03-22	21638	7931	1685
Iran	2020-03-23	23049	7931	1812
Iran	2020-03-24	24811	8913	1934
Iran	2020-03-25	27017	9625	2077
Iran	2020-03-26	29406	10457	2234
Iran	2020-03-27	32332	11133	2378
Iran	2020-03-28	35408	11679	2517
Iran	2020-03-29	38309	12391	2640
Iran	2020-03-30	41495	13911	2757
Iran	2020-03-31	44605	14656	2898
Iran	2020-04-01	47593	15473	3036
Iran	2020-04-02	50468	16711	3160
Iran	2020-04-03	53183	17935	3294
Iran	2020-04-04	55743	19736	3452
Iran	2020-04-05	58226	19736	3603
Iran	2020-04-06	60500	24236	3739
Iran	2020-04-07	62589	27039	3872
Iran	2020-04-08	64586	29812	3993
Iran	2020-04-09	66220	32309	4110
Iran	2020-04-10	68192	35465	4232
Iran	2020-04-11	70029	41947	4357
Iran	2020-04-12	71686	43894	4474
Iran	2020-04-13	73303	45983	4585
Iran	2020-04-14	74877	48129	4683
Iran	2020-04-15	76389	49933	4777
Iran	2020-04-16	77995	52229	4869
Iran	2020-04-17	79494	54064	4958
Iran	2020-04-18	80868	55987	5031
Iran	2020-04-19	82211	57023	5118
Iran	2020-04-20	83505	59273	5209
Iran	2020-04-21	84802	60965	5297
Iran	2020-04-22	85996	63113	5391
Iran	2020-04-23	87026	64843	5481
Iran	2020-04-24	88194	66599	5574
Iran	2020-04-25	89328	68193	5650
Iran	2020-04-26	90481	69657	5710
Iran	2020-04-27	91472	70933	5806
Italy	2020-01-22	0	0	0
Italy	2020-01-23	0	0	0
Italy	2020-01-24	0	0	0
Italy	2020-01-25	0	0	0
Italy	2020-01-26	0	0	0
Italy	2020-01-27	0	0	0
Italy	2020-01-28	0	0	0
Italy	2020-01-29	0	0	0
Italy	2020-01-30	0	0	0
Italy	2020-01-31	2	0	0
Italy	2020-02-01	2	0	0
Italy	2020-02-02	2	0	0
Italy	2020-02-03	2	0	0
Italy	2020-02-04	2	0	0
Italy	2020-02-05	2	0	0
Italy	2020-02-06	2	0	0
Italy	2020-02-07	3	0	0
Italy	2020-02-08	3	0	0
Italy	2020-02-09	3	0	0
Italy	2020-02-10	3	0	0
Italy	2020-02-11	3	0	0
Italy	2020-02-12	3	0	0
Italy	2020-02-13	3	0	0
Italy	2020-02-14	3	0	0
Italy	2020-02-15	3	0	0
Italy	2020-02-16	3	0	0
Italy	2020-02-17	3	0	0
Italy	2020-02-18	3	0	0
Italy	2020-02-19	3	0	0
Italy	2020-02-20	3	0	0
Italy	2020-02-21	20	0	1
Italy	2020-02-22	62	1	2
Italy	2020-02-23	155	2	3
Italy	2020-02-24	229	1	7
Italy	2020-02-25	322	1	10
Italy	2020-02-26	453	3	12
Italy	2020-02-27	655	45	17
Italy	2020-02-28	888	46	21
Italy	2020-02-29	1128	46	29
Italy	2020-03-01	1694	83	34
Italy	2020-03-02	2036	149	52
Italy	2020-03-03	2502	160	79
Italy	2020-03-04	3089	276	107
Italy	2020-03-05	3858	414	148
Italy	2020-03-06	4636	523	197
Italy	2020-03-07	5883	589	233
Italy	2020-03-08	7375	622	366
Italy	2020-03-09	9172	724	463
Italy	2020-03-10	10149	724	631
Italy	2020-03-11	12462	1045	827
Italy	2020-03-12	12462	1045	827
Italy	2020-03-13	17660	1439	1266
Italy	2020-03-14	21157	1966	1441
Italy	2020-03-15	24747	2335	1809
Italy	2020-03-16	27980	2749	2158
Italy	2020-03-17	31506	2941	2503
Italy	2020-03-18	35713	4025	2978
Italy	2020-03-19	41035	4440	3405
Italy	2020-03-20	47021	4440	4032
Italy	2020-03-21	53578	6072	4825
Italy	2020-03-22	59138	7024	5476
Italy	2020-03-23	63927	7024	6077
Italy	2020-03-24	69176	8326	6820
Italy	2020-03-25	74386	9362	7503
Italy	2020-03-26	80589	10361	8215
Italy	2020-03-27	86498	10950	9134
Italy	2020-03-28	92472	12384	10023
Italy	2020-03-29	97689	13030	10779
Italy	2020-03-30	101739	14620	11591
Italy	2020-03-31	105792	15729	12428
Italy	2020-04-01	110574	16847	13155
Italy	2020-04-02	115242	18278	13915
Italy	2020-04-03	119827	19758	14681
Italy	2020-04-04	124632	20996	15362
Italy	2020-04-05	128948	21815	15887
Italy	2020-04-06	132547	22837	16523
Italy	2020-04-07	135586	24392	17127
Italy	2020-04-08	139422	26491	17669
Italy	2020-04-09	143626	28470	18279
Italy	2020-04-10	147577	30455	18849
Italy	2020-04-11	152271	32534	19468
Italy	2020-04-12	156363	34211	19899
Italy	2020-04-13	159516	35435	20465
Italy	2020-04-14	162488	37130	21067
Italy	2020-04-15	165155	38092	21645
Italy	2020-04-16	168941	40164	22170
Italy	2020-04-17	172434	42727	22745
Italy	2020-04-18	175925	44927	23227
Italy	2020-04-19	178972	47055	23660
Italy	2020-04-20	181228	48877	24114
Italy	2020-04-21	183957	51600	24648
Italy	2020-04-22	187327	54543	25085
Italy	2020-04-23	189973	57576	25549
Italy	2020-04-24	192994	60498	25969
Italy	2020-04-25	195351	63120	26384
Italy	2020-04-26	197675	64928	26644
Italy	2020-04-27	199414	66624	26977
Netherlands	2020-01-22	0	0	0
Netherlands	2020-01-23	0	0	0
Netherlands	2020-01-24	0	0	0
Netherlands	2020-01-25	0	0	0
Netherlands	2020-01-26	0	0	0
Netherlands	2020-01-27	0	0	0
Netherlands	2020-01-28	0	0	0
Netherlands	2020-01-29	0	0	0
Netherlands	2020-01-30	0	0	0
Netherlands	2020-01-31	0	0	0
Netherlands	2020-02-01	0	0	0
Netherlands	2020-02-02	0	0	0
Netherlands	2020-02-03	0	0	0
Netherlands	2020-02-04	0	0	0
Netherlands	2020-02-05	0	0	0
Netherlands	2020-02-06	0	0	0
Netherlands	2020-02-07	0	0	0
Netherlands	2020-02-08	0	0	0
Netherlands	2020-02-09	0	0	0
Netherlands	2020-02-10	0	0	0
Netherlands	2020-02-11	0	0	0
Netherlands	2020-02-12	0	0	0
Netherlands	2020-02-13	0	0	0
Netherlands	2020-02-14	0	0	0
Netherlands	2020-02-15	0	0	0
Netherlands	2020-02-16	0	0	0
Netherlands	2020-02-17	0	0	0
Netherlands	2020-02-18	0	0	0
Netherlands	2020-02-19	0	0	0
Netherlands	2020-02-20	0	0	0
Netherlands	2020-02-21	0	0	0
Netherlands	2020-02-22	0	0	0
Netherlands	2020-02-23	0	0	0
Netherlands	2020-02-24	0	0	0
Netherlands	2020-02-25	0	0	0
Netherlands	2020-02-26	0	0	0
Netherlands	2020-02-27	1	0	0
Netherlands	2020-02-28	1	0	0
Netherlands	2020-02-29	6	0	0
Netherlands	2020-03-01	10	0	0
Netherlands	2020-03-02	18	0	0
Netherlands	2020-03-03	24	0	0
Netherlands	2020-03-04	38	0	0
Netherlands	2020-03-05	82	0	0
Netherlands	2020-03-06	128	0	1
Netherlands	2020-03-07	188	0	1
Netherlands	2020-03-08	265	0	3
Netherlands	2020-03-09	321	0	3
Netherlands	2020-03-10	382	0	4
Netherlands	2020-03-11	503	0	5
Netherlands	2020-03-12	503	0	5
Netherlands	2020-03-13	806	0	10
Netherlands	2020-03-14	962	2	12
Netherlands	2020-03-15	1138	2	20
Netherlands	2020-03-16	1416	2	24
Netherlands	2020-03-17	1711	2	43
Netherlands	2020-03-18	2058	2	58
Netherlands	2020-03-19	2467	2	77
Netherlands	2020-03-20	3003	2	107
Netherlands	2020-03-21	3640	2	137
Netherlands	2020-03-22	4217	2	180
Netherlands	2020-03-23	4764	2	214
Netherlands	2020-03-24	5580	3	277
Netherlands	2020-03-25	6438	4	357
Netherlands	2020-03-26	7468	6	435
Netherlands	2020-03-27	8647	6	547
Netherlands	2020-03-28	9819	6	640
Netherlands	2020-03-29	10930	253	772
Netherlands	2020-03-30	11817	253	865
Netherlands	2020-03-31	12667	253	1040
Netherlands	2020-04-01	13696	260	1175
Netherlands	2020-04-02	14788	260	1341
Netherlands	2020-04-03	15821	260	1490
Netherlands	2020-04-04	16727	262	1656
Netherlands	2020-04-05	17953	257	1771
Netherlands	2020-04-06	18926	258	1874
Netherlands	2020-04-07	19709	272	2108
Netherlands	2020-04-08	20682	272	2255
Netherlands	2020-04-09	21903	278	2403
Netherlands	2020-04-10	23249	287	2520
Netherlands	2020-04-11	24571	291	2653
Netherlands	2020-04-12	25746	295	2747
Netherlands	2020-04-13	26710	295	2833
Netherlands	2020-04-14	27580	297	2955
Netherlands	2020-04-15	28316	304	3145
Netherlands	2020-04-16	29383	311	3327
Netherlands	2020-04-17	30619	315	3471
Netherlands	2020-04-18	31766	317	3613
Netherlands	2020-04-19	32838	322	3697
Netherlands	2020-04-20	33588	322	3764
Netherlands	2020-04-21	34317	74	3929
Netherlands	2020-04-22	35032	101	4068
Netherlands	2020-04-23	35921	101	4192
Netherlands	2020-04-24	36729	102	4304
Netherlands	2020-04-25	37384	102	4424
Netherlands	2020-04-26	38040	117	4491
Netherlands	2020-04-27	38440	117	4534
South Korea	2020-01-22	1	0	0
South Korea	2020-01-23	1	0	0
South Korea	2020-01-24	2	0	0
South Korea	2020-01-25	2	0	0
South Korea	2020-01-26	3	0	0
South Korea	2020-01-27	4	0	0
South Korea	2020-01-28	4	0	0
South Korea	2020-01-29	4	0	0
South Korea	2020-01-30	4	0	0
South Korea	2020-01-31	11	0	0
South Korea	2020-02-01	12	0	0
South Korea	2020-02-02	15	0	0
South Korea	2020-02-03	15	0	0
South Korea	2020-02-04	16	0	0
South Korea	2020-02-05	19	0	0
South Korea	2020-02-06	23	0	0
South Korea	2020-02-07	24	1	0
South Korea	2020-02-08	24	1	0
South Korea	2020-02-09	25	3	0
South Korea	2020-02-10	27	3	0
South Korea	2020-02-11	28	3	0
South Korea	2020-02-12	28	7	0
South Korea	2020-02-13	28	7	0
South Korea	2020-02-14	28	7	0
South Korea	2020-02-15	28	9	0
South Korea	2020-02-16	29	9	0
South Korea	2020-02-17	30	10	0
South Korea	2020-02-18	31	12	0
South Korea	2020-02-19	31	12	0
South Korea	2020-02-20	104	16	1
South Korea	2020-02-21	204	16	2
South Korea	2020-02-22	433	16	2
South Korea	2020-02-23	602	18	6
South Korea	2020-02-24	833	18	8
South Korea	2020-02-25	977	22	10
South Korea	2020-02-26	1261	22	12
South Korea	2020-02-27	1766	22	13
South Korea	2020-02-28	2337	22	13
South Korea	2020-02-29	3150	27	16
South Korea	2020-03-01	3736	30	17
South Korea	2020-03-02	4335	30	28
South Korea	2020-03-03	5186	30	28
South Korea	2020-03-04	5621	41	35
South Korea	2020-03-05	6088	41	35
South Korea	2020-03-06	6593	135	42
South Korea	2020-03-07	7041	135	44
South Korea	2020-03-08	7314	118	50
South Korea	2020-03-09	7478	118	53
South Korea	2020-03-10	7513	247	54
South Korea	2020-03-11	7755	288	60
South Korea	2020-03-12	7869	333	66
South Korea	2020-03-13	7979	510	66
South Korea	2020-03-14	8086	510	72
South Korea	2020-03-15	8162	510	75
South Korea	2020-03-16	8236	1137	75
South Korea	2020-03-17	8320	1407	81
South Korea	2020-03-18	8413	1540	84
South Korea	2020-03-19	8565	1540	91
South Korea	2020-03-20	8652	1540	94
South Korea	2020-03-21	8799	1540	102
South Korea	2020-03-22	8961	2909	111
South Korea	2020-03-23	8961	2909	111
South Korea	2020-03-24	9037	3507	120
South Korea	2020-03-25	9137	3730	126
South Korea	2020-03-26	9241	4144	131
South Korea	2020-03-27	9332	4528	139
South Korea	2020-03-28	9478	4811	144
South Korea	2020-03-29	9583	5033	152
South Korea	2020-03-30	9661	5228	158
South Korea	2020-03-31	9786	5408	162
South Korea	2020-04-01	9887	5567	165
South Korea	2020-04-02	9976	5828	169
South Korea	2020-04-03	10062	6021	174
South Korea	2020-04-04	10156	6325	177
South Korea	2020-04-05	10237	6463	183
South Korea	2020-04-06	10284	6598	186
South Korea	2020-04-07	10331	6694	192
South Korea	2020-04-08	10384	6776	200
South Korea	2020-04-09	10423	6973	204
South Korea	2020-04-10	10450	7117	208
South Korea	2020-04-11	10480	7243	211
South Korea	2020-04-12	10512	7368	214
South Korea	2020-04-13	10537	7447	217
South Korea	2020-04-14	10564	7534	222
South Korea	2020-04-15	10591	7616	225
South Korea	2020-04-16	10613	7757	229
South Korea	2020-04-17	10635	7829	230
South Korea	2020-04-18	10653	7937	232
South Korea	2020-04-19	10661	8042	234
South Korea	2020-04-20	10674	8114	236
South Korea	2020-04-21	10683	8213	237
South Korea	2020-04-22	10694	8277	238
South Korea	2020-04-23	10708	8501	240
South Korea	2020-04-24	10718	8635	240
South Korea	2020-04-25	10728	8717	242
South Korea	2020-04-26	10738	8764	243
South Korea	2020-04-27	10752	8854	244
Switzerland	2020-01-22	0	0	0
Switzerland	2020-01-23	0	0	0
Switzerland	2020-01-24	0	0	0
Switzerland	2020-01-25	0	0	0
Switzerland	2020-01-26	0	0	0
Switzerland	2020-01-27	0	0	0
Switzerland	2020-01-28	0	0	0
Switzerland	2020-01-29	0	0	0
Switzerland	2020-01-30	0	0	0
Switzerland	2020-01-31	0	0	0
Switzerland	2020-02-01	0	0	0
Switzerland	2020-02-02	0	0	0
Switzerland	2020-02-03	0	0	0
Switzerland	2020-02-04	0	0	0
Switzerland	2020-02-05	0	0	0
Switzerland	2020-02-06	0	0	0
Switzerland	2020-02-07	0	0	0
Switzerland	2020-02-08	0	0	0
Switzerland	2020-02-09	0	0	0
Switzerland	2020-02-10	0	0	0
Switzerland	2020-02-11	0	0	0
Switzerland	2020-02-12	0	0	0
Switzerland	2020-02-13	0	0	0
Switzerland	2020-02-14	0	0	0
Switzerland	2020-02-15	0	0	0
Switzerland	2020-02-16	0	0	0
Switzerland	2020-02-17	0	0	0
Switzerland	2020-02-18	0	0	0
Switzerland	2020-02-19	0	0	0
Switzerland	2020-02-20	0	0	0
Switzerland	2020-02-21	0	0	0
Switzerland	2020-02-22	0	0	0
Switzerland	2020-02-23	0	0	0
Switzerland	2020-02-24	0	0	0
Switzerland	2020-02-25	1	0	0
Switzerland	2020-02-26	1	0	0
Switzerland	2020-02-27	8	0	0
Switzerland	2020-02-28	8	0	0
Switzerland	2020-02-29	18	0	0
Switzerland	2020-03-01	27	0	0
Switzerland	2020-03-02	42	0	0
Switzerland	2020-03-03	56	2	0
Switzerland	2020-03-04	90	3	0
Switzerland	2020-03-05	114	3	1
Switzerland	2020-03-06	214	3	1
Switzerland	2020-03-07	268	3	1
Switzerland	2020-03-08	337	3	2
Switzerland	2020-03-09	374	3	2
Switzerland	2020-03-10	491	3	3
Switzerland	2020-03-11	652	4	4
Switzerland	2020-03-12	652	4	4
Switzerland	2020-03-13	1139	4	11
Switzerland	2020-03-14	1359	4	13
Switzerland	2020-03-15	2200	4	14
Switzerland	2020-03-16	2200	4	14
Switzerland	2020-03-17	2700	4	27
Switzerland	2020-03-18	3028	15	28
Switzerland	2020-03-19	4075	15	41
Switzerland	2020-03-20	5294	15	54
Switzerland	2020-03-21	6575	15	75
Switzerland	2020-03-22	7474	131	98
Switzerland	2020-03-23	8795	131	120
Switzerland	2020-03-24	9877	131	122
Switzerland	2020-03-25	10897	131	153
Switzerland	2020-03-26	11811	131	191
Switzerland	2020-03-27	12928	1530	231
Switzerland	2020-03-28	14076	1530	264
Switzerland	2020-03-29	14829	1595	300
Switzerland	2020-03-30	15922	1823	359
Switzerland	2020-03-31	16605	1823	433
Switzerland	2020-04-01	17768	2967	488
Switzerland	2020-04-02	18827	4013	536
Switzerland	2020-04-03	19606	4846	591
Switzerland	2020-04-04	20505	6415	666
Switzerland	2020-04-05	21100	6415	715
Switzerland	2020-04-06	21657	8056	765
Switzerland	2020-04-07	22253	8704	821
Switzerland	2020-04-08	23280	9800	895
Switzerland	2020-04-09	24051	10600	948
Switzerland	2020-04-10	24551	11100	1002
Switzerland	2020-04-11	25107	12100	1036
Switzerland	2020-04-12	25415	12700	1106
Switzerland	2020-04-13	25688	13700	1138
Switzerland	2020-04-14	25936	13700	1174
Switzerland	2020-04-15	26336	15400	1239
Switzerland	2020-04-16	26732	15900	1281
Switzerland	2020-04-17	27078	16400	1327
Switzerland	2020-04-18	27404	17100	1368
Switzerland	2020-04-19	27740	17800	1393
Switzerland	2020-04-20	27944	18600	1429
Switzerland	2020-04-21	28063	19400	1478
Switzerland	2020-04-22	28268	19900	1509
Switzerland	2020-04-23	28496	20600	1549
Switzerland	2020-04-24	28677	21000	1589
Switzerland	2020-04-25	28894	21300	1599
Switzerland	2020-04-26	29061	21800	1610
Switzerland	2020-04-27	29164	22200	1665
Turkey	2020-01-22	0	0	0
Turkey	2020-01-23	0	0	0
Turkey	2020-01-24	0	0	0
Turkey	2020-01-25	0	0	0
Turkey	2020-01-26	0	0	0
Turkey	2020-01-27	0	0	0
Turkey	2020-01-28	0	0	0
Turkey	2020-01-29	0	0	0
Turkey	2020-01-30	0	0	0
Turkey	2020-01-31	0	0	0
Turkey	2020-02-01	0	0	0
Turkey	2020-02-02	0	0	0
Turkey	2020-02-03	0	0	0
Turkey	2020-02-04	0	0	0
Turkey	2020-02-05	0	0	0
Turkey	2020-02-06	0	0	0
Turkey	2020-02-07	0	0	0
Turkey	2020-02-08	0	0	0
Turkey	2020-02-09	0	0	0
Turkey	2020-02-10	0	0	0
Turkey	2020-02-11	0	0	0
Turkey	2020-02-12	0	0	0
Turkey	2020-02-13	0	0	0
Turkey	2020-02-14	0	0	0
Turkey	2020-02-15	0	0	0
Turkey	2020-02-16	0	0	0
Turkey	2020-02-17	0	0	0
Turkey	2020-02-18	0	0	0
Turkey	2020-02-19	0	0	0
Turkey	2020-02-20	0	0	0
Turkey	2020-02-21	0	0	0
Turkey	2020-02-22	0	0	0
Turkey	2020-02-23	0	0	0
Turkey	2020-02-24	0	0	0
Turkey	2020-02-25	0	0	0
Turkey	2020-02-26	0	0	0
Turkey	2020-02-27	0	0	0
Turkey	2020-02-28	0	0	0
Turkey	2020-02-29	0	0	0
Turkey	2020-03-01	0	0	0
Turkey	2020-03-02	0	0	0
Turkey	2020-03-03	0	0	0
Turkey	2020-03-04	0	0	0
Turkey	2020-03-05	0	0	0
Turkey	2020-03-06	0	0	0
Turkey	2020-03-07	0	0	0
Turkey	2020-03-08	0	0	0
Turkey	2020-03-09	0	0	0
Turkey	2020-03-10	0	0	0
Turkey	2020-03-11	1	0	0
Turkey	2020-03-12	1	0	0
Turkey	2020-03-13	5	0	0
Turkey	2020-03-14	5	0	0
Turkey	2020-03-15	6	0	0
Turkey	2020-03-16	18	0	0
Turkey	2020-03-17	47	0	1
Turkey	2020-03-18	98	0	1
Turkey	2020-03-19	192	0	3
Turkey	2020-03-20	359	0	4
Turkey	2020-03-21	670	0	9
Turkey	2020-03-22	1236	0	30
Turkey	2020-03-23	1529	0	37
Turkey	2020-03-24	1872	0	44
Turkey	2020-03-25	2433	26	59
Turkey	2020-03-26	3629	26	75
Turkey	2020-03-27	5698	42	92
Turkey	2020-03-28	7402	70	108
Turkey	2020-03-29	9217	105	131
Turkey	2020-03-30	10827	162	168
Turkey	2020-03-31	13531	243	214
Turkey	2020-04-01	15679	333	277
Turkey	2020-04-02	18135	415	356
Turkey	2020-04-03	20921	484	425
Turkey	2020-04-04	23934	786	501
Turkey	2020-04-05	27069	1042	574
Turkey	2020-04-06	30217	1326	649
Turkey	2020-04-07	34109	1582	725
Turkey	2020-04-08	38226	1846	812
Turkey	2020-04-09	42282	2142	908
Turkey	2020-04-10	47029	2423	1006
Turkey	2020-04-11	52167	2965	1101
Turkey	2020-04-12	56956	3446	1198
Turkey	2020-04-13	61049	3957	1296
Turkey	2020-04-14	65111	4799	1403
Turkey	2020-04-15	69392	5674	1518
Turkey	2020-04-16	74193	7089	1643
Turkey	2020-04-17	78546	8631	1769
Turkey	2020-04-18	82329	10453	1890
Turkey	2020-04-19	86306	11976	2017
Turkey	2020-04-20	90980	13430	2140
Turkey	2020-04-21	95591	14918	2259
Turkey	2020-04-22	98674	16477	2376
Turkey	2020-04-23	101790	18491	2491
Turkey	2020-04-24	104912	21737	2600
Turkey	2020-04-25	107773	25582	2706
Turkey	2020-04-26	110130	29140	2805
Turkey	2020-04-27	112261	33791	2900
United Kingdom	2020-01-22	0	0	0
United Kingdom	2020-01-23	0	0	0
United Kingdom	2020-01-24	0	0	0
United Kingdom	2020-01-25	0	0	0
United Kingdom	2020-01-26	0	0	0
United Kingdom	2020-01-27	0	0	0
United Kingdom	2020-01-28	0	0	0
United Kingdom	2020-01-29	0	0	0
United Kingdom	2020-01-30	0	0	0
United Kingdom	2020-01-31	2	0	0
United Kingdom	2020-02-01	2	0	0
United Kingdom	2020-02-02	2	0	0
United Kingdom	2020-02-03	2	0	0
United Kingdom	2020-02-04	2	0	0
United Kingdom	2020-02-05	2	0	0
United Kingdom	2020-02-06	2	0	0
United Kingdom	2020-02-07	3	0	0
United Kingdom	2020-02-08	3	0	0
United Kingdom	2020-02-09	3	0	0
United Kingdom	2020-02-10	8	0	0
United Kingdom	2020-02-11	8	0	0
United Kingdom	2020-02-12	9	1	0
United Kingdom	2020-02-13	9	1	0
United Kingdom	2020-02-14	9	1	0
United Kingdom	2020-02-15	9	1	0
United Kingdom	2020-02-16	9	8	0
United Kingdom	2020-02-17	9	8	0
United Kingdom	2020-02-18	9	8	0
United Kingdom	2020-02-19	9	8	0
United Kingdom	2020-02-20	9	8	0
United Kingdom	2020-02-21	9	8	0
United Kingdom	2020-02-22	9	8	0
United Kingdom	2020-02-23	9	8	0
United Kingdom	2020-02-24	13	8	0
United Kingdom	2020-02-25	13	8	0
United Kingdom	2020-02-26	13	8	0
United Kingdom	2020-02-27	15	8	0
United Kingdom	2020-02-28	20	8	0
United Kingdom	2020-02-29	23	8	0
United Kingdom	2020-03-01	36	8	0
United Kingdom	2020-03-02	40	8	0
United Kingdom	2020-03-03	51	8	0
United Kingdom	2020-03-04	86	8	0
United Kingdom	2020-03-05	116	8	1
United Kingdom	2020-03-06	164	8	2
United Kingdom	2020-03-07	207	18	2
United Kingdom	2020-03-08	274	18	3
United Kingdom	2020-03-09	322	18	4
United Kingdom	2020-03-10	384	19	6
United Kingdom	2020-03-11	459	19	8
United Kingdom	2020-03-12	459	19	8
United Kingdom	2020-03-13	802	19	8
United Kingdom	2020-03-14	1144	19	21
United Kingdom	2020-03-15	1145	19	21
United Kingdom	2020-03-16	1551	21	56
United Kingdom	2020-03-17	1960	53	56
United Kingdom	2020-03-18	2642	67	72
United Kingdom	2020-03-19	2716	67	138
United Kingdom	2020-03-20	4014	67	178
United Kingdom	2020-03-21	5067	67	234
United Kingdom	2020-03-22	5745	67	282
United Kingdom	2020-03-23	6726	67	336
United Kingdom	2020-03-24	8164	140	423
United Kingdom	2020-03-25	9640	140	466
United Kingdom	2020-03-26	11812	150	580
United Kingdom	2020-03-27	14745	151	761
United Kingdom	2020-03-28	17312	151	1021
United Kingdom	2020-03-29	19780	151	1231
United Kingdom	2020-03-30	22453	171	1411
United Kingdom	2020-03-31	25481	179	1793
United Kingdom	2020-04-01	29865	179	2357
United Kingdom	2020-04-02	34173	192	2926
United Kingdom	2020-04-03	38689	208	3611
United Kingdom	2020-04-04	42477	215	4320
United Kingdom	2020-04-05	48436	229	4943
United Kingdom	2020-04-06	52279	287	5385
United Kingdom	2020-04-07	55949	325	6171
United Kingdom	2020-04-08	61474	345	7111
United Kingdom	2020-04-09	65872	359	7993
United Kingdom	2020-04-10	74605	588	8974
United Kingdom	2020-04-11	79874	622	9892
United Kingdom	2020-04-12	85206	626	10629
United Kingdom	2020-04-13	89570	304	11347
United Kingdom	2020-04-14	94845	323	12129
United Kingdom	2020-04-15	99483	368	12894
United Kingdom	2020-04-16	104145	375	13759
United Kingdom	2020-04-17	109769	394	14607
United Kingdom	2020-04-18	115314	414	15498
United Kingdom	2020-04-19	121172	436	16095
United Kingdom	2020-04-20	125856	446	16550
United Kingdom	2020-04-21	130172	638	17378
United Kingdom	2020-04-22	134638	683	18151
United Kingdom	2020-04-23	139246	712	18791
United Kingdom	2020-04-24	144640	724	19567
United Kingdom	2020-04-25	149569	774	20381
United Kingdom	2020-04-26	154037	778	20794
United Kingdom	2020-04-27	158348	807	21157
US	2020-01-22	1	0	0
US	2020-01-23	1	0	0
US	2020-01-24	2	0	0
US	2020-01-25	2	0	0
US	2020-01-26	5	0	0
US	2020-01-27	5	0	0
US	2020-01-28	5	0	0
US	2020-01-29	5	0	0
US	2020-01-30	5	0	0
US	2020-01-31	7	0	0
US	2020-02-01	8	0	0
US	2020-02-02	8	0	0
US	2020-02-03	11	0	0
US	2020-02-04	11	0	0
US	2020-02-05	11	0	0
US	2020-02-06	11	0	0
US	2020-02-07	11	0	0
US	2020-02-08	11	0	0
US	2020-02-09	11	3	0
US	2020-02-10	11	3	0
US	2020-02-11	12	3	0
US	2020-02-12	12	3	0
US	2020-02-13	13	3	0
US	2020-02-14	13	3	0
US	2020-02-15	13	3	0
US	2020-02-16	13	3	0
US	2020-02-17	13	3	0
US	2020-02-18	13	3	0
US	2020-02-19	13	3	0
US	2020-02-20	13	3	0
US	2020-02-21	15	5	0
US	2020-02-22	15	5	0
US	2020-02-23	15	5	0
US	2020-02-24	51	5	0
US	2020-02-25	51	6	0
US	2020-02-26	57	6	0
US	2020-02-27	58	6	0
US	2020-02-28	60	7	0
US	2020-02-29	68	7	1
US	2020-03-01	74	7	1
US	2020-03-02	98	7	6
US	2020-03-03	118	7	7
US	2020-03-04	149	7	11
US	2020-03-05	217	7	12
US	2020-03-06	262	7	14
US	2020-03-07	402	7	17
US	2020-03-08	518	7	21
US	2020-03-09	583	7	22
US	2020-03-10	959	8	28
US	2020-03-11	1281	8	36
US	2020-03-12	1663	12	40
US	2020-03-13	2179	12	47
US	2020-03-14	2727	12	54
US	2020-03-15	3499	12	63
US	2020-03-16	4632	17	85
US	2020-03-17	6421	17	108
US	2020-03-18	7783	105	118
US	2020-03-19	13747	121	200
US	2020-03-20	19273	147	244
US	2020-03-21	25600	176	307
US	2020-03-22	33276	178	417
US	2020-03-23	43843	178	557
US	2020-03-24	53736	348	706
US	2020-03-25	65778	361	942
US	2020-03-26	83836	681	1209
US	2020-03-27	101657	869	1581
US	2020-03-28	121465	1072	2026
US	2020-03-29	140909	2665	2467
US	2020-03-30	161831	5644	2978
US	2020-03-31	188172	7024	3874
US	2020-04-01	213242	8474	4760
US	2020-04-02	243622	9001	5929
US	2020-04-03	275367	9707	7090
US	2020-04-04	308650	14652	8408
US	2020-04-05	336802	17448	9619
US	2020-04-06	366317	19581	10783
US	2020-04-07	397121	21763	12794
US	2020-04-08	428654	23559	14704
US	2020-04-09	462780	25410	16544
US	2020-04-10	496535	28790	18595
US	2020-04-11	526396	31270	20471
US	2020-04-12	555313	32988	22029
US	2020-04-13	580619	43482	23538
US	2020-04-14	607670	47763	25843
US	2020-04-15	636350	52096	28338
US	2020-04-16	667592	54703	32930
US	2020-04-17	699706	58545	36787
US	2020-04-18	732197	64840	38664
US	2020-04-19	758809	70337	40661
US	2020-04-20	784326	72329	42094
US	2020-04-21	811865	75204	44444
US	2020-04-22	840351	77366	46622
US	2020-04-23	869170	80203	49954
US	2020-04-24	905358	99079	51949
US	2020-04-25	938154	100372	53755
US	2020-04-26	965785	106988	54881
US	2020-04-27	988197	111424	56259
India	2020-01-30	1	0	0
India	2020-01-31	1	0	0
India	2020-02-01	1	0	0
India	2020-02-02	2	0	0
India	2020-02-03	3	0	0
India	2020-02-04	3	0	0
India	2020-02-05	3	0	0
India	2020-02-06	3	0	0
India	2020-02-07	3	0	0
India	2020-02-08	3	0	0
India	2020-02-09	3	0	0
India	2020-02-10	3	0	0
India	2020-02-11	3	0	0
India	2020-02-12	3	0	0
India	2020-02-13	3	1	0
India	2020-02-14	3	1	0
India	2020-02-15	3	1	0
India	2020-02-16	3	2	0
India	2020-02-17	3	2	0
India	2020-02-18	3	2	0
India	2020-02-19	3	2	0
India	2020-02-20	3	3	0
India	2020-02-21	3	3	0
India	2020-02-22	3	3	0
India	2020-02-23	3	3	0
India	2020-02-24	3	3	0
India	2020-02-25	3	3	0
India	2020-02-26	3	3	0
India	2020-02-27	3	3	0
India	2020-02-28	3	3	0
India	2020-02-29	3	3	0
India	2020-03-01	3	3	0
India	2020-03-02	5	3	0
India	2020-03-03	6	3	0
India	2020-03-04	28	3	0
India	2020-03-05	30	3	0
India	2020-03-06	31	3	0
India	2020-03-07	34	3	0
India	2020-03-08	39	3	0
India	2020-03-09	48	3	0
India	2020-03-10	63	4	0
India	2020-03-11	71	4	0
India	2020-03-12	81	4	1
India	2020-03-13	91	10	1
India	2020-03-14	102	10	2
India	2020-03-15	112	13	2
India	2020-03-16	126	14	2
India	2020-03-17	146	15	3
India	2020-03-18	171	15	3
India	2020-03-19	198	20	4
India	2020-03-20	256	23	4
India	2020-03-21	334	23	4
India	2020-03-22	403	23	7
India	2020-03-23	497	25	9
India	2020-03-24	571	40	10
India	2020-03-25	657	43	11
India	2020-03-26	730	50	16
India	2020-03-27	883	75	19
India	2020-03-28	1019	85	24
India	2020-03-29	1139	102	27
India	2020-03-30	1326	137	41
India	2020-03-31	1635	150	47
India	2020-04-01	2059	169	53
India	2020-04-02	2545	191	69
India	2020-04-03	3105	230	83
India	2020-04-04	3684	286	96
India	2020-04-05	4293	329	118
India	2020-04-06	4777	394	134
India	2020-04-07	5350	469	161
India	2020-04-08	5915	565	181
India	2020-04-09	6728	635	227
India	2020-04-10	7599	786	249
India	2020-04-11	8453	972	290
India	2020-04-12	9211	1086	332
India	2020-04-13	10454	1198	359
India	2020-04-14	11485	1365	396
India	2020-04-15	12371	1509	423
India	2020-04-16	13432	1767	449
India	2020-04-17	14354	2040	487
India	2020-04-18	15725	2466	522
India	2020-04-19	17305	2854	560
India	2020-04-20	18544	3273	593
India	2020-04-21	20081	3976	646
India	2020-04-22	21373	4370	682
India	2020-04-23	23040	5012	722
India	2020-04-24	24448	5496	781
India	2020-04-25	26283	5938	825
India	2020-04-26	27890	6523	881
India	2020-04-27	29458	7137	939
