place,Day,first_dose,second_dose,total_doses,pct_one_dose,pct_two_doses,daily_doses,source,precaution_dose,abbrev,text
India,2021-03-15,27079484,5867948,32947432,1.9818,0.4294,3039394,covid19india,,tt,"India<br>2021-03-15:  3,039,394 daily vaccines<br>"
India,2021-03-16,28862037,6202499,35064536,2.1122,0.4539,2117104,covid19india,,tt,"India<br>2021-03-16:  2,117,104 daily vaccines<br>"
India,2021-03-17,30600787,6542468,37143255,2.2395,0.4788,2078719,covid19india,,tt,"India<br>2021-03-17:  2,078,719 daily vaccines<br>"
India,2021-03-18,32426230,6913587,39339817,2.3731,0.506,2196562,covid19india,,tt,"India<br>2021-03-18:  2,196,562 daily vaccines<br>"
India,2021-03-19,34842030,7221362,42063392,2.5499,0.5285,2723575,covid19india,,tt,"India<br>2021-03-19:  2,723,575 daily vaccines<br>"
India,2021-03-20,37125187,7478654,44603841,2.717,0.5473,2540449,covid19india,,tt,"India<br>2021-03-20:  2,540,449 daily vaccines<br>"
India,2021-03-21,37574302,7491696,45065998,2.7498,0.5483,462157,covid19india,,tt,"India<br>2021-03-21:    462,157 daily vaccines<br>"
India,2021-03-22,40631153,7863441,48494594,2.9736,0.5755,3428596,covid19india,,tt,"India<br>2021-03-22:  3,428,596 daily vaccines<br>"
India,2021-03-23,42731952,8109334,50841286,3.1273,0.5935,2346692,covid19india,,tt,"India<br>2021-03-23:  2,346,692 daily vaccines<br>"
India,2021-03-24,44846538,8299171,53145709,3.2821,0.6074,2304423,covid19india,,tt,"India<br>2021-03-24:  2,304,423 daily vaccines<br>"
India,2021-03-25,47001472,8502968,55504440,3.4398,0.6223,2358731,covid19india,,tt,"India<br>2021-03-25:  2,358,731 daily vaccines<br>"
India,2021-03-26,49426618,8683155,58109773,3.6172,0.6355,2605333,covid19india,,tt,"India<br>2021-03-26:  2,605,333 daily vaccines<br>"
India,2021-03-27,51441436,8828346,60269782,3.7647,0.6461,2160009,covid19india,,tt,"India<br>2021-03-27:  2,160,009 daily vaccines<br>"
India,2021-03-28,51660234,8870201,60530435,3.7807,0.6492,260653,covid19india,,tt,"India<br>2021-03-28:    260,653 daily vaccines<br>"
India,2021-03-29,52211398,8901956,61113354,3.821,0.6515,582919,covid19india,,tt,"India<br>2021-03-29:    582,919 daily vaccines<br>"
India,2021-03-30,53989035,9065318,63054353,3.9511,0.6634,1940999,covid19india,,tt,"India<br>2021-03-30:  1,940,999 daily vaccines<br>"
India,2021-03-31,55783201,9334695,65117896,4.0824,0.6832,2063543,covid19india,,tt,"India<br>2021-03-31:  2,063,543 daily vaccines<br>"
India,2021-04-01,59148798,9640340,68789138,4.3287,0.7055,3671242,covid19india,,tt,"India<br>2021-04-01:  3,671,242 daily vaccines<br>"
India,2021-04-02,63081589,9972706,73054295,4.6166,0.7298,4265157,covid19india,,tt,"India<br>2021-04-02:  4,265,157 daily vaccines<br>"
India,2021-04-03,65739470,10240181,75979651,4.8111,0.7494,2925356,covid19india,,tt,"India<br>2021-04-03:  2,925,356 daily vaccines<br>"
India,2021-04-04,68678838,10426325,79105163,5.0262,0.763,3125512,covid19india,,tt,"India<br>2021-04-04:  3,125,512 daily vaccines<br>"
India,2021-04-05,72277309,10833617,83110926,5.2895,0.7928,4005763,covid19india,,tt,"India<br>2021-04-05:  4,005,763 daily vaccines<br>"
India,2021-04-06,75937015,11140459,87077474,5.5574,0.8153,3966548,covid19india,,tt,"India<br>2021-04-06:  3,966,548 daily vaccines<br>"
India,2021-04-07,78763027,11435646,90198673,5.7642,0.8369,3121199,covid19india,,tt,"India<br>2021-04-07:  3,121,199 daily vaccines<br>"
India,2021-04-08,82456522,11877740,94334262,6.0345,0.8693,4135589,covid19india,,tt,"India<br>2021-04-08:  4,135,589 daily vaccines<br>"
India,2021-04-09,85763852,12311308,98075160,6.2765,0.901,3740898,covid19india,,tt,"India<br>2021-04-09:  3,740,898 daily vaccines<br>"
India,2021-04-10,88885961,12709186,101595147,6.505,0.9301,3519987,covid19india,,tt,"India<br>2021-04-10:  3,519,987 daily vaccines<br>"
India,2021-04-11,91587400,12941165,104528565,6.7027,0.9471,2933418,covid19india,,tt,"India<br>2021-04-11:  2,933,418 daily vaccines<br>"
India,2021-04-12,95043039,13490046,108533085,6.9556,0.9873,4004520,covid19india,,tt,"India<br>2021-04-12:  4,004,520 daily vaccines<br>"
India,2021-04-13,97301914,13877664,111179578,7.1209,1.0156,2646493,covid19india,,tt,"India<br>2021-04-13:  2,646,493 daily vaccines<br>"
India,2021-04-14,100179199,14314039,114493238,7.3315,1.0476,3313660,covid19india,,tt,"India<br>2021-04-14:  3,313,660 daily vaccines<br>"
India,2021-04-15,102349255,14874254,117223509,7.4903,1.0886,2730271,covid19india,,tt,"India<br>2021-04-15:  2,730,271 daily vaccines<br>"
India,2021-04-16,104408484,15529157,119937641,7.641,1.1365,2714132,covid19india,,tt,"India<br>2021-04-16:  2,714,132 daily vaccines<br>"
India,2021-04-17,106431076,16191514,122622590,7.7891,1.185,2684949,covid19india,,tt,"India<br>2021-04-17:  2,684,949 daily vaccines<br>"
India,2021-04-18,107371770,16480796,123852566,7.8579,1.2061,1229976,covid19india,,tt,"India<br>2021-04-18:  1,229,976 daily vaccines<br>"
India,2021-04-19,109659181,17469932,127129113,8.0253,1.2785,3276547,covid19india,,tt,"India<br>2021-04-19:  3,276,547 daily vaccines<br>"
India,2021-04-20,111645892,18473418,130119310,8.1707,1.352,2990197,covid19india,,tt,"India<br>2021-04-20:  2,990,197 daily vaccines<br>"
India,2021-04-21,113147596,19183048,132330644,8.2806,1.4039,2211334,covid19india,,tt,"India<br>2021-04-21:  2,211,334 daily vaccines<br>"
India,2021-04-22,115073463,20404957,135478420,8.4215,1.4933,3147776,covid19india,,tt,"India<br>2021-04-22:  3,147,776 daily vaccines<br>"
India,2021-04-23,116936487,21443345,138379832,8.5579,1.5693,2901412,covid19india,,tt,"India<br>2021-04-23:  2,901,412 daily vaccines<br>"
India,2021-04-24,118580324,22336093,140916417,8.6782,1.6346,2536585,covid19india,,tt,"India<br>2021-04-24:  2,536,585 daily vaccines<br>"
India,2021-04-25,119265786,22645437,141911223,8.7284,1.6573,994806,covid19india,,tt,"India<br>2021-04-25:    994,806 daily vaccines<br>"
India,2021-04-26,121361009,23910177,145271186,8.8817,1.7498,3359963,covid19india,,tt,"India<br>2021-04-26:  3,359,963 daily vaccines<br>"
India,2021-04-27,122930008,24897359,147827367,8.9965,1.8221,2556181,covid19india,,tt,"India<br>2021-04-27:  2,556,181 daily vaccines<br>"
India,2021-04-28,124212143,25808505,150020648,9.0903,1.8888,2193281,covid19india,,tt,"India<br>2021-04-28:  2,193,281 daily vaccines<br>"
India,2021-04-29,125486929,26758250,152245179,9.1836,1.9583,2224531,covid19india,,tt,"India<br>2021-04-29:  2,224,531 daily vaccines<br>"
India,2021-04-30,127056746,27932889,154989635,9.2985,2.0442,2744456,covid19india,,tt,"India<br>2021-04-30:  2,744,456 daily vaccines<br>"
India,2021-05-01,128171153,28644878,156816031,9.3801,2.0963,1826396,covid19india,,tt,"India<br>2021-05-01:  1,826,396 daily vaccines<br>"
India,2021-05-02,128374277,28823930,157198207,9.395,2.1095,382176,covid19india,,tt,"India<br>2021-05-02:    382,176 daily vaccines<br>"
India,2021-05-03,129227412,29705509,158932921,9.4574,2.174,1734714,covid19india,,tt,"India<br>2021-05-03:  1,734,714 daily vaccines<br>"
India,2021-05-04,130044455,30449733,160494188,9.5172,2.2284,1561267,covid19india,,tt,"India<br>2021-05-04:  1,561,267 daily vaccines<br>"
India,2021-05-05,130974851,31538488,162513339,9.5853,2.3081,2019151,covid19india,,tt,"India<br>2021-05-05:  2,019,151 daily vaccines<br>"
India,2021-05-06,132087824,32885234,164973058,9.6667,2.4067,2459719,covid19india,,tt,"India<br>2021-05-06:  2,459,719 daily vaccines<br>"
India,2021-05-07,133112446,34234098,167346544,9.7417,2.5054,2373486,covid19india,,tt,"India<br>2021-05-07:  2,373,486 daily vaccines<br>"
India,2021-05-08,133980544,35459119,169439663,9.8052,2.595,2093119,covid19india,,tt,"India<br>2021-05-08:  2,093,119 daily vaccines<br>"
India,2021-05-09,134404867,35771736,170176603,9.8363,2.6179,736940,covid19india,,tt,"India<br>2021-05-09:    736,940 daily vaccines<br>"
India,2021-05-10,135494474,37215592,172710066,9.916,2.7236,2533463,covid19india,,tt,"India<br>2021-05-10:  2,533,463 daily vaccines<br>"
India,2021-05-11,136619734,38616257,175235991,9.9984,2.8261,2525925,covid19india,,tt,"India<br>2021-05-11:  2,525,925 daily vaccines<br>"
India,2021-05-12,137658380,39555876,177214256,10.0744,2.8949,1978265,covid19india,,tt,"India<br>2021-05-12:  1,978,265 daily vaccines<br>"
India,2021-05-13,138719426,40579158,179298584,10.1521,2.9697,2084328,covid19india,,tt,"India<br>2021-05-13:  2,084,328 daily vaccines<br>"
India,2021-05-14,139375695,41081884,180457579,10.2001,3.0065,1158995,covid19india,,tt,"India<br>2021-05-14:  1,158,995 daily vaccines<br>"
India,2021-05-15,119960676,35857301,182220164,8.7792,2.6242,1762585,covid19india,,tt,"India<br>2021-05-15:  1,762,585 daily vaccines<br>"
India,2021-05-16,141147770,41778690,182926460,10.3298,3.0575,706296,covid19india,,tt,"India<br>2021-05-16:    706,296 daily vaccines<br>"
India,2021-05-17,142428227,42024922,184453149,10.4235,3.0756,1526689,covid19india,,tt,"India<br>2021-05-17:  1,526,689 daily vaccines<br>"
India,2021-05-18,143583902,42225400,185809302,10.5081,3.0902,1356153,covid19india,,tt,"India<br>2021-05-18:  1,356,153 daily vaccines<br>"
India,2021-05-19,144623670,42386122,187009792,10.5841,3.102,1200490,covid19india,,tt,"India<br>2021-05-19:  1,200,490 daily vaccines<br>"
India,2021-05-20,149201320,42678183,191879503,10.9192,3.1234,4869711,covid19india,,tt,"India<br>2021-05-20:  4,869,711 daily vaccines<br>"
India,2021-05-21,150501478,42871341,193372819,11.0143,3.1375,1493316,covid19india,,tt,"India<br>2021-05-21:  1,493,316 daily vaccines<br>"
India,2021-05-22,151945271,43058913,195004184,11.12,3.1512,1631365,covid19india,,tt,"India<br>2021-05-22:  1,631,365 daily vaccines<br>"
India,2021-05-23,152930249,43121713,196051962,11.1921,3.1558,1047778,covid19india,,tt,"India<br>2021-05-23:  1,047,778 daily vaccines<br>"
India,2021-05-24,155235374,43303625,198538999,11.3608,3.1691,2487037,covid19india,,tt,"India<br>2021-05-24:  2,487,037 daily vaccines<br>"
India,2021-05-25,157149593,43512863,200662456,11.5008,3.1844,2123457,covid19india,,tt,"India<br>2021-05-25:  2,123,457 daily vaccines<br>"
India,2021-05-26,159025328,43670546,202695874,11.6381,3.196,2033418,covid19india,,tt,"India<br>2021-05-26:  2,033,418 daily vaccines<br>"
India,2021-05-27,161850092,43870568,205720660,11.8448,3.2106,3024786,covid19india,,tt,"India<br>2021-05-27:  3,024,786 daily vaccines<br>"
India,2021-05-28,164779253,44123192,208902445,12.0592,3.2291,3181785,covid19india,,tt,"India<br>2021-05-28:  3,181,785 daily vaccines<br>"
India,2021-05-29,167617477,44449137,212066614,12.2669,3.253,3164169,covid19india,,tt,"India<br>2021-05-29:  3,164,169 daily vaccines<br>"
India,2021-05-30,168613371,44540758,213154129,12.3398,3.2597,1087515,covid19india,,tt,"India<br>2021-05-30:  1,087,515 daily vaccines<br>"
India,2021-05-31,171200166,44846472,216046638,12.5291,3.282,2892509,covid19india,,tt,"India<br>2021-05-31:  2,892,509 daily vaccines<br>"
India,2021-06-01,173411496,45135171,218546667,12.691,3.3032,2500029,covid19india,,tt,"India<br>2021-06-01:  2,500,029 daily vaccines<br>"
India,2021-06-02,175665160,45378533,221043693,12.8559,3.321,2497026,covid19india,,tt,"India<br>2021-06-02:  2,497,026 daily vaccines<br>"
India,2021-06-03,178486097,45623351,224109448,13.0623,3.3389,3065755,covid19india,,tt,"India<br>2021-06-03:  3,065,755 daily vaccines<br>"
India,2021-06-04,181952338,45907979,227860317,13.316,3.3597,3750869,covid19india,,tt,"India<br>2021-06-04:  3,750,869 daily vaccines<br>"
India,2021-06-05,185138502,46183915,231322417,13.5492,3.3799,3462100,covid19india,,tt,"India<br>2021-06-05:  3,462,100 daily vaccines<br>"
India,2021-06-06,186514773,46271709,232786482,13.6499,3.3864,1464065,covid19india,,tt,"India<br>2021-06-06:  1,464,065 daily vaccines<br>"
India,2021-06-07,189595747,46602979,236198726,13.8754,3.4106,3412244,covid19india,,tt,"India<br>2021-06-07:  3,412,244 daily vaccines<br>"
India,2021-06-08,192137133,46921227,239058360,14.0614,3.4339,2859634,covid19india,,tt,"India<br>2021-06-08:  2,859,634 daily vaccines<br>"
India,2021-06-09,195482945,47243748,242726693,14.3062,3.4575,3668333,covid19india,,tt,"India<br>2021-06-09:  3,668,333 daily vaccines<br>"
India,2021-06-10,198511574,47574075,246085649,14.5279,3.4817,3358956,covid19india,,tt,"India<br>2021-06-10:  3,358,956 daily vaccines<br>"
India,2021-06-11,201690149,47910155,249600304,14.7605,3.5063,3514655,covid19india,,tt,"India<br>2021-06-11:  3,514,655 daily vaccines<br>"
India,2021-06-12,204893461,48301587,253195048,14.9949,3.5349,3594744,covid19india,,tt,"India<br>2021-06-12:  3,594,744 daily vaccines<br>"
India,2021-06-13,206369672,48479629,254849301,15.103,3.5479,1654253,covid19india,,tt,"India<br>2021-06-13:  1,654,253 daily vaccines<br>"
India,2021-06-14,210166746,48877326,259044072,15.3809,3.577,4194771,covid19india,,tt,"India<br>2021-06-14:  4,194,771 daily vaccines<br>"
India,2021-06-15,212681921,49290093,261972014,15.5649,3.6072,2927942,covid19india,,tt,"India<br>2021-06-15:  2,927,942 daily vaccines<br>"
India,2021-06-16,215848080,49671171,265519251,15.7966,3.6351,3547237,covid19india,,tt,"India<br>2021-06-16:  3,547,237 daily vaccines<br>"
India,2021-06-17,218873616,50086783,268960399,16.0181,3.6656,3441148,covid19india,,tt,"India<br>2021-06-17:  3,441,148 daily vaccines<br>"
India,2021-06-18,221901281,50487502,272388783,16.2396,3.6949,3428384,covid19india,,tt,"India<br>2021-06-18:  3,428,384 daily vaccines<br>"
India,2021-06-19,225687086,51006486,276693572,16.5167,3.7329,4304789,covid19india,,tt,"India<br>2021-06-19:  4,304,789 daily vaccines<br>"
India,2021-06-20,228741774,51295124,280036898,16.7403,3.754,3343326,covid19india,,tt,"India<br>2021-06-20:  3,343,326 daily vaccines<br>"
India,2021-06-21,236681488,52084713,288766201,17.3213,3.8118,8729303,covid19india,,tt,"India<br>2021-06-21:  8,729,303 daily vaccines<br>"
India,2021-06-22,241894504,52745007,294639511,17.7028,3.8601,5873310,covid19india,,tt,"India<br>2021-06-22:  5,873,310 daily vaccines<br>"
India,2021-06-23,248224925,53401103,301626028,18.1661,3.9081,6986517,covid19india,,tt,"India<br>2021-06-23:  6,986,517 daily vaccines<br>"
India,2021-06-24,253737871,54210873,307948744,18.5696,3.9674,6322716,covid19india,,tt,"India<br>2021-06-24:  6,322,716 daily vaccines<br>"
India,2021-06-25,259834772,55211154,315045926,19.0158,4.0406,7097182,covid19india,,tt,"India<br>2021-06-25:  7,097,182 daily vaccines<br>"
India,2021-06-26,265384559,56375518,321760077,19.4219,4.1258,6714151,covid19india,,tt,"India<br>2021-06-26:  6,714,151 daily vaccines<br>"
India,2021-06-27,266933878,56729419,323663297,19.5353,4.1517,1903220,covid19india,,tt,"India<br>2021-06-27:  1,903,220 daily vaccines<br>"
India,2021-06-28,271131337,57898173,329029510,19.8425,4.2372,5366213,covid19india,,tt,"India<br>2021-06-28:  5,366,213 daily vaccines<br>"
India,2021-06-29,274013600,58840927,332854527,20.0534,4.3062,3825017,covid19india,,tt,"India<br>2021-06-29:  3,825,017 daily vaccines<br>"
India,2021-06-30,276099880,59616139,335716019,20.2061,4.363,2861492,covid19india,,tt,"India<br>2021-06-30:  2,861,492 daily vaccines<br>"
India,2021-07-01,279454091,60622141,340076232,20.4516,4.4366,4360213,covid19india,,tt,"India<br>2021-07-01:  4,360,213 daily vaccines<br>"
India,2021-07-02,282743449,61867842,344611291,20.6923,4.5277,4535059,covid19india,,tt,"India<br>2021-07-02:  4,535,059 daily vaccines<br>"
India,2021-07-03,287137161,64084145,351221306,21.0139,4.6899,6610015,covid19india,,tt,"India<br>2021-07-03:  6,610,015 daily vaccines<br>"
India,2021-07-04,288323682,64568364,352892046,21.1007,4.7254,1670740,covid19india,,tt,"India<br>2021-07-04:  1,670,740 daily vaccines<br>"
India,2021-07-05,291172390,66381222,357553612,21.3092,4.858,4661566,covid19india,,tt,"India<br>2021-07-05:  4,661,566 daily vaccines<br>"
India,2021-07-06,293706832,67616716,361323548,21.4947,4.9485,3769936,covid19india,,tt,"India<br>2021-07-06:  3,769,936 daily vaccines<br>"
India,2021-07-07,295889870,68957679,364847549,21.6544,5.0466,3524001,covid19india,,tt,"India<br>2021-07-07:  3,524,001 daily vaccines<br>"
India,2021-07-08,298678913,70312309,368991222,21.8585,5.1457,4143673,covid19india,,tt,"India<br>2021-07-08:  4,143,673 daily vaccines<br>"
India,2021-07-09,300742742,71453526,372196268,22.0096,5.2293,3205046,covid19india,,tt,"India<br>2021-07-09:  3,205,046 daily vaccines<br>"
India,2021-07-10,303171498,72861088,376032586,22.1873,5.3323,3836318,covid19india,,tt,"India<br>2021-07-10:  3,836,318 daily vaccines<br>"
India,2021-07-11,304018852,73333649,377352501,22.2493,5.3669,1319915,covid19india,,tt,"India<br>2021-07-11:  1,319,915 daily vaccines<br>"
India,2021-07-12,306612781,74854865,381467646,22.4392,5.4782,4115145,covid19india,,tt,"India<br>2021-07-12:  4,115,145 daily vaccines<br>"
India,2021-07-13,311387539,76310396,387697935,22.7886,5.5847,6230289,covid19india,,tt,"India<br>2021-07-13:  6,230,289 daily vaccines<br>"
India,2021-07-14,313529502,77810989,391340491,22.9454,5.6945,3642556,covid19india,,tt,"India<br>2021-07-14:  3,642,556 daily vaccines<br>"
India,2021-07-15,316116189,79227578,395343767,23.1347,5.7982,4003276,covid19india,,tt,"India<br>2021-07-15:  4,003,276 daily vaccines<br>"
India,2021-07-16,318665226,81030653,399695879,23.3212,5.9302,4352112,covid19india,,tt,"India<br>2021-07-16:  4,352,112 daily vaccines<br>"
India,2021-07-17,321893762,83037953,404931715,23.5575,6.0771,5235836,covid19india,,tt,"India<br>2021-07-17:  5,235,836 daily vaccines<br>"
India,2021-07-18,322944436,83537057,406481493,23.6344,6.1136,1549778,covid19india,,tt,"India<br>2021-07-18:  1,549,778 daily vaccines<br>"
India,2021-07-19,326392783,85453618,411846401,23.8867,6.2538,5364908,covid19india,,tt,"India<br>2021-07-19:  5,364,908 daily vaccines<br>"
India,2021-07-20,328716212,86756243,415472455,24.0568,6.3492,3626054,covid19india,,tt,"India<br>2021-07-20:  3,626,054 daily vaccines<br>"
India,2021-07-21,330259212,87591939,417851151,24.1697,6.4103,2378696,covid19india,,tt,"India<br>2021-07-21:  2,378,696 daily vaccines<br>"
India,2021-07-22,333945151,89471879,423417030,24.4395,6.5479,5565879,covid19india,,tt,"India<br>2021-07-22:  5,565,879 daily vaccines<br>"
India,2021-07-23,336819816,91062445,427882261,24.6498,6.6643,4465231,covid19india,,tt,"India<br>2021-07-23:  4,465,231 daily vaccines<br>"
India,2021-07-24,340387695,92763169,433150864,24.911,6.7888,5268603,covid19india,,tt,"India<br>2021-07-24:  5,268,603 daily vaccines<br>"
India,2021-07-25,341802707,93393294,435196001,25.0145,6.8349,2045137,covid19india,,tt,"India<br>2021-07-25:  2,045,137 daily vaccines<br>"
India,2021-07-26,346516149,95396246,441912395,25.3595,6.9815,6716394,covid19india,,tt,"India<br>2021-07-26:  6,716,394 daily vaccines<br>"
India,2021-07-27,349324061,96832598,446156659,25.565,7.0866,4244264,covid19india,,tt,"India<br>2021-07-27:  4,244,264 daily vaccines<br>"
India,2021-07-28,352545271,98160986,450706257,25.8007,7.1838,4549598,covid19india,,tt,"India<br>2021-07-28:  4,549,598 daily vaccines<br>"
India,2021-07-29,356140739,99893015,456033754,26.0638,7.3106,5327497,covid19india,,tt,"India<br>2021-07-29:  5,327,497 daily vaccines<br>"
India,2021-07-30,359820313,101698166,461518479,26.3331,7.4427,5484725,covid19india,,tt,"India<br>2021-07-30:  5,484,725 daily vaccines<br>"
India,2021-07-31,366806160,103492436,470298596,26.8444,7.574,8780117,covid19india,,tt,"India<br>2021-07-31:  8,780,117 daily vaccines<br>"
India,2021-08-01,367994586,104229053,472223639,26.9313,7.6279,1925043,covid19india,,tt,"India<br>2021-08-01:  1,925,043 daily vaccines<br>"
India,2021-08-02,372626926,105917188,478544114,27.2704,7.7514,6320475,covid19india,,tt,"India<br>2021-08-02:  6,320,475 daily vaccines<br>"
India,2021-08-03,378090597,107195973,485286570,27.6702,7.845,6742456,covid19india,,tt,"India<br>2021-08-03:  6,742,456 daily vaccines<br>"
India,2021-08-04,381126275,108216020,489342295,27.8924,7.9197,4055725,covid19india,,tt,"India<br>2021-08-04:  4,055,725 daily vaccines<br>"
India,2021-08-05,385631050,109696545,495327595,28.222,8.028,5985300,covid19india,,tt,"India<br>2021-08-05:  5,985,300 daily vaccines<br>"
India,2021-08-06,390041560,110968049,501009609,28.5448,8.1211,5682014,covid19india,,tt,"India<br>2021-08-06:  5,682,014 daily vaccines<br>"
India,2021-08-07,394378151,112432341,506810492,28.8622,8.2283,5800883,covid19india,,tt,"India<br>2021-08-07:  5,800,883 daily vaccines<br>"
India,2021-08-08,395667593,112997166,508664759,28.9566,8.2696,1854267,covid19india,,tt,"India<br>2021-08-08:  1,854,267 daily vaccines<br>"
India,2021-08-09,400158057,114342211,514500268,29.2852,8.368,5835509,covid19india,,tt,"India<br>2021-08-09:  5,835,509 daily vaccines<br>"
India,2021-08-10,403596088,115484436,519080524,29.5368,8.4516,4580256,covid19india,,tt,"India<br>2021-08-10:  4,580,256 daily vaccines<br>"
India,2021-08-11,406980329,116690690,523671019,29.7845,8.5399,4590495,covid19india,,tt,"India<br>2021-08-11:  4,590,495 daily vaccines<br>"
India,2021-08-12,411629356,117953600,529582956,30.1247,8.6323,5911937,covid19india,,tt,"India<br>2021-08-12:  5,911,937 daily vaccines<br>"
India,2021-08-13,416846115,119343788,536189903,30.5065,8.7341,6606947,covid19india,,tt,"India<br>2021-08-13:  6,606,947 daily vaccines<br>"
India,2021-08-14,422575401,121270889,543846290,30.9258,8.8751,7656387,covid19india,,tt,"India<br>2021-08-14:  7,656,387 daily vaccines<br>"
India,2021-08-15,424072750,121784358,545857108,31.0354,8.9127,2010818,covid19india,,tt,"India<br>2021-08-15:  2,010,818 daily vaccines<br>"
India,2021-08-16,431194809,123535800,554730609,31.5566,9.0409,8873501,covid19india,,tt,"India<br>2021-08-16:  8,873,501 daily vaccines<br>"
India,2021-08-17,435720056,124931974,560652030,31.8878,9.143,5921421,covid19india,,tt,"India<br>2021-08-17:  5,921,421 daily vaccines<br>"
India,2021-08-18,440102169,126386264,566488433,32.2085,9.2495,5836403,covid19india,,tt,"India<br>2021-08-18:  5,836,403 daily vaccines<br>"
India,2021-08-19,444486031,127795457,572281488,32.5293,9.3526,5793055,covid19india,,tt,"India<br>2021-08-19:  5,793,055 daily vaccines<br>"
India,2021-08-20,447303462,128813888,576117350,32.7355,9.4271,3835862,covid19india,,tt,"India<br>2021-08-20:  3,835,862 daily vaccines<br>"
India,2021-08-21,450755650,130733727,581489377,32.9881,9.5676,5372027,covid19india,,tt,"India<br>2021-08-21:  5,372,027 daily vaccines<br>"
India,2021-08-22,451513534,131036061,582549595,33.0436,9.5898,1060218,covid19india,,tt,"India<br>2021-08-22:  1,060,218 daily vaccines<br>"
India,2021-08-23,456151209,132846596,588997805,33.383,9.7223,6448210,covid19india,,tt,"India<br>2021-08-23:  6,448,210 daily vaccines<br>"
India,2021-08-24,460802783,134701810,595504593,33.7234,9.858,6506788,covid19india,,tt,"India<br>2021-08-24:  6,506,788 daily vaccines<br>"
India,2021-08-25,466880859,136965616,603846475,34.1682,10.0237,8341882,covid19india,,tt,"India<br>2021-08-25:  8,341,882 daily vaccines<br>"
India,2021-08-26,472838773,139369769,612208542,34.6043,10.1996,8362067,covid19india,,tt,"India<br>2021-08-26:  8,362,067 daily vaccines<br>"
India,2021-08-27,480876699,142112435,622989134,35.1925,10.4004,10780592,covid19india,,tt,"India<br>2021-08-27: 10,780,592 daily vaccines<br>"
India,2021-08-29,488506288,145875070,634381358,35.7509,10.6757,11392224,covid19india,,tt,"India<br>2021-08-29: 11,392,224 daily vaccines<br>"
India,2021-08-30,493020765,147507879,640528644,36.0813,10.7952,6147286,covid19india,,tt,"India<br>2021-08-30:  6,147,286 daily vaccines<br>"
India,2021-08-31,503331527,150781981,654113508,36.8358,11.0348,13584864,covid19india,,tt,"India<br>2021-08-31: 13,584,864 daily vaccines<br>"
India,2021-09-01,509799626,153237708,663037334,37.3092,11.2146,8923826,covid19india,,tt,"India<br>2021-09-01:  8,923,826 daily vaccines<br>"
India,2021-09-02,515531338,155428630,670959968,37.7287,11.3749,7922634,covid19india,,tt,"India<br>2021-09-02:  7,922,634 daily vaccines<br>"
India,2021-09-03,519866213,157344992,677211205,38.0459,11.5151,6251237,covid19india,,tt,"India<br>2021-09-03:  6,251,237 daily vaccines<br>"
India,2021-09-04,524546930,160122591,684669521,38.3885,11.7184,7458316,covid19india,,tt,"India<br>2021-09-04:  7,458,316 daily vaccines<br>"
India,2021-09-05,526381797,161159965,687541762,38.5228,11.7943,2872241,covid19india,,tt,"India<br>2021-09-05:  2,872,241 daily vaccines<br>"
India,2021-09-06,534715823,164346953,699062776,39.1327,12.0276,11521014,covid19india,,tt,"India<br>2021-09-06: 11,521,014 daily vaccines<br>"
India,2021-09-07,540557826,166985192,707543018,39.5602,12.2207,8480242,covid19india,,tt,"India<br>2021-09-07:  8,480,242 daily vaccines<br>"
India,2021-09-08,546897006,169700422,716597428,40.0241,12.4194,9054410,covid19india,,tt,"India<br>2021-09-08:  9,054,410 daily vaccines<br>"
India,2021-09-09,551843120,171941466,723784586,40.3861,12.5834,7187158,covid19india,,tt,"India<br>2021-09-09:  7,187,158 daily vaccines<br>"
India,2021-09-10,556541427,174048261,730589688,40.73,12.7376,6805102,covid19india,,tt,"India<br>2021-09-10:  6,805,102 daily vaccines<br>"
India,2021-09-11,561101965,177105413,738207378,41.0637,12.9613,7617690,covid19india,,tt,"India<br>2021-09-11:  7,617,690 daily vaccines<br>"
India,2021-09-12,564834748,179002895,743837643,41.3369,13.1002,5630265,covid19india,,tt,"India<br>2021-09-12:  5,630,265 daily vaccines<br>"
India,2021-09-13,570511241,181727083,752238324,41.7523,13.2995,8400681,covid19india,,tt,"India<br>2021-09-13:  8,400,681 daily vaccines<br>"
India,2021-09-14,574657255,184255022,758912277,42.0558,13.4845,6673953,covid19india,,tt,"India<br>2021-09-14:  6,673,953 daily vaccines<br>"
India,2021-09-15,578646751,187070386,765717137,42.3477,13.6906,6804860,covid19india,,tt,"India<br>2021-09-15:  6,804,860 daily vaccines<br>"
India,2021-09-16,582606905,189818839,772425744,42.6375,13.8917,6708607,covid19india,,tt,"India<br>2021-09-16:  6,708,607 daily vaccines<br>"
India,2021-09-17,596091846,199217243,795309089,43.6244,14.5795,22883345,covid19india,,tt,"India<br>2021-09-17: 22,883,345 daily vaccines<br>"
India,2021-09-18,601046450,203325881,804372331,43.987,14.8802,9063242,covid19india,,tt,"India<br>2021-09-18:  9,063,242 daily vaccines<br>"
India,2021-09-19,603666773,204901371,808568144,44.1788,14.9955,4195813,covid19india,,tt,"India<br>2021-09-19:  4,195,813 daily vaccines<br>"
India,2021-09-20,609568160,208945667,818513827,44.6107,15.2915,9945683,covid19india,,tt,"India<br>2021-09-20:  9,945,683 daily vaccines<br>"
India,2021-09-21,614390226,212125528,826515754,44.9636,15.5242,8001927,covid19india,,tt,"India<br>2021-09-21:  8,001,927 daily vaccines<br>"
India,2021-09-22,618513000,215477049,833990049,45.2653,15.7695,7474295,covid19india,,tt,"India<br>2021-09-22:  7,474,295 daily vaccines<br>"
India,2021-09-23,622902393,218615633,841518026,45.5865,15.9992,7527977,covid19india,,tt,"India<br>2021-09-23:  7,527,977 daily vaccines<br>"
India,2021-09-24,627174874,221754286,848929160,45.8992,16.2289,7411134,covid19india,,tt,"India<br>2021-09-24:  7,411,134 daily vaccines<br>"
India,2021-09-25,630831085,225250442,856081527,46.1668,16.4847,7152367,covid19india,,tt,"India<br>2021-09-25:  7,152,367 daily vaccines<br>"
India,2021-09-26,633216286,226942725,860159011,46.3413,16.6086,4077484,covid19india,,tt,"India<br>2021-09-26:  4,077,484 daily vaccines<br>"
India,2021-09-27,639614662,231093974,870708636,46.8096,16.9124,10549625,covid19india,,tt,"India<br>2021-09-27: 10,549,625 daily vaccines<br>"
India,2021-09-28,642863561,233799929,876663490,47.0474,17.1104,5954854,covid19india,,tt,"India<br>2021-09-28:  5,954,854 daily vaccines<br>"
India,2021-09-29,646473741,236996837,883470578,47.3116,17.3444,6807088,covid19india,,tt,"India<br>2021-09-29:  6,807,088 daily vaccines<br>"
India,2021-09-30,650229045,239978962,890208007,47.5864,17.5626,6737429,covid19india,,tt,"India<br>2021-09-30:  6,737,429 daily vaccines<br>"
India,2021-10-01,654331744,243149810,897481554,47.8867,17.7947,7273547,covid19india,,tt,"India<br>2021-10-01:  7,273,547 daily vaccines<br>"
India,2021-10-02,658277760,246897588,905175348,48.1754,18.069,7693794,covid19india,,tt,"India<br>2021-10-02:  7,693,794 daily vaccines<br>"
India,2021-10-03,659815128,248117733,907932861,48.288,18.1583,2757513,covid19india,,tt,"India<br>2021-10-03:  2,757,513 daily vaccines<br>"
India,2021-10-04,663807388,251658438,915465826,48.5801,18.4174,7532965,covid19india,,tt,"India<br>2021-10-04:  7,532,965 daily vaccines<br>"
India,2021-10-05,667246479,254518926,921765405,48.8318,18.6267,6299579,covid19india,,tt,"India<br>2021-10-05:  6,299,579 daily vaccines<br>"
India,2021-10-06,669549280,256819328,926368608,49.0003,18.7951,4603203,covid19india,,tt,"India<br>2021-10-06:  4,603,203 daily vaccines<br>"
India,2021-10-07,672529456,259187735,931717191,49.2184,18.9684,5348583,covid19india,,tt,"India<br>2021-10-07:  5,348,583 daily vaccines<br>"
India,2021-10-08,676837943,263077380,939915323,49.5337,19.2531,8198132,covid19india,,tt,"India<br>2021-10-08:  8,198,132 daily vaccines<br>"
India,2021-10-09,680516158,266494017,947010175,49.8029,19.5031,7094852,covid19india,,tt,"India<br>2021-10-09:  7,094,852 daily vaccines<br>"
India,2021-10-10,683009792,268974581,951984373,49.9854,19.6847,4974198,covid19india,,tt,"India<br>2021-10-10:  4,974,198 daily vaccines<br>"
India,2021-10-11,686580570,272397479,958978049,50.2468,19.9352,6993676,covid19india,,tt,"India<br>2021-10-11:  6,993,676 daily vaccines<br>"
India,2021-10-12,686676888,273241691,959918579,50.2538,19.9969,940530,cowin,,tt,"India<br>2021-10-12:    940,530 daily vaccines<br>"
India,2021-10-13,688528559,275310314,963838873,50.3893,20.1483,3920294,"",,tt,"India<br>2021-10-13:  3,920,294 daily vaccines<br>"
India,2021-10-14,690052703,277101850,967154553,50.5009,20.2794,3315680,"",,tt,"India<br>2021-10-14:  3,315,680 daily vaccines<br>"
India,2021-10-15,690569618,277753892,968323510,50.5387,20.3272,1168957,"",,tt,"India<br>2021-10-15:  1,168,957 daily vaccines<br>"
India,2021-10-16,692186224,280142265,972328489,50.657,20.5019,4004979,"",,tt,"India<br>2021-10-16:  4,004,979 daily vaccines<br>"
India,2021-10-18,696354243,285685760,982040003,50.962,20.9076,9711514,"",,tt,"India<br>2021-10-18:  9,711,514 daily vaccines<br>"
India,2021-10-19,698547210,288394250,986941460,51.1225,21.1059,4901457,"",,tt,"India<br>2021-10-19:  4,901,457 daily vaccines<br>"
India,2021-10-20,700491349,291042090,991533439,51.2648,21.2996,4591979,"",,tt,"India<br>2021-10-20:  4,591,979 daily vaccines<br>"
India,2021-10-21,707004920,294815238,1001820158,51.7415,21.5758,10286719,"",,tt,"India<br>2021-10-21: 10,286,719 daily vaccines<br>"
India,2021-10-22,710012392,298896953,1008909345,51.9616,21.8745,7089187,"",,tt,"India<br>2021-10-22:  7,089,187 daily vaccines<br>"
India,2021-10-23,713319558,303558115,1016877673,52.2036,22.2156,7968328,"",,tt,"India<br>2021-10-23:  7,968,328 daily vaccines<br>"
India,2021-10-24,714194448,304613352,1018807800,52.2677,22.2928,1930127,"",,tt,"India<br>2021-10-24:  1,930,127 daily vaccines<br>"
India,2021-10-25,716738614,308418068,1025156682,52.4538,22.5713,6348882,"",,tt,"India<br>2021-10-25:  6,348,882 daily vaccines<br>"
India,2021-10-26,719191599,312073933,1031265532,52.6334,22.8388,6108850,"",,tt,"India<br>2021-10-26:  6,108,850 daily vaccines<br>"
India,2021-10-27,721106322,315274146,1036380468,52.7735,23.073,5114936,"",,tt,"India<br>2021-10-27:  5,114,936 daily vaccines<br>"
India,2021-10-28,724005383,319932640,1043938023,52.9857,23.414,7557555,"",,tt,"India<br>2021-10-28:  7,557,555 daily vaccines<br>"
India,2021-10-29,726545172,323654959,1050200131,53.1715,23.6864,6262108,"",,tt,"India<br>2021-10-29:  6,262,108 daily vaccines<br>"
India,2021-10-30,729206569,328050878,1057257447,53.3663,24.0081,7057316,"",,tt,"India<br>2021-10-30:  7,057,316 daily vaccines<br>"
India,2021-10-31,730052711,329106653,1059159364,53.4282,24.0854,1901917,"",,tt,"India<br>2021-10-31:  1,901,917 daily vaccines<br>"
India,2021-11-01,732198793,332211496,1064410289,53.5853,24.3126,5250925,"",,tt,"India<br>2021-11-01:  5,250,925 daily vaccines<br>"
India,2021-11-02,733961335,334963105,1068924440,53.7143,24.514,4514151,"",,tt,"India<br>2021-11-02:  4,514,151 daily vaccines<br>"
India,2021-11-03,735282986,337002294,1072285280,53.811,24.6632,3360840,"",,tt,"India<br>2021-11-03:  3,360,840 daily vaccines<br>"
India,2021-11-04,735630045,337530786,1073160831,53.8364,24.7019,875551,"",,tt,"India<br>2021-11-04:    875,551 daily vaccines<br>"
India,2021-11-05,736338481,338907000,1075245481,53.8882,24.8026,2084650,"",,tt,"India<br>2021-11-05:  2,084,650 daily vaccines<br>"
India,2021-11-06,737130971,341069926,1078200897,53.9462,24.9609,2955416,"",,tt,"India<br>2021-11-06:  2,955,416 daily vaccines<br>"
India,2021-11-07,738002392,342739975,1080742367,54.01,25.0831,2541470,"",,tt,"India<br>2021-11-07:  2,541,470 daily vaccines<br>"
India,2021-11-08,739804442,346902242,1086706684,54.1419,25.3877,5964317,"",,tt,"India<br>2021-11-08:  5,964,317 daily vaccines<br>"
India,2021-11-09,741452440,350871071,1092323511,54.2625,25.6782,5616827,"",,tt,"India<br>2021-11-09:  5,616,827 daily vaccines<br>"
India,2021-11-10,742937186,355336316,1098273502,54.3712,26.005,5949991,"",,tt,"India<br>2021-11-10:  5,949,991 daily vaccines<br>"
India,2021-11-11,744419626,359456217,1103875843,54.4797,26.3065,5602341,"",,tt,"India<br>2021-11-11:  5,602,341 daily vaccines<br>"
India,2021-11-12,746230423,363725337,1109955760,54.6122,26.6189,6079917,"",,tt,"India<br>2021-11-12:  6,079,917 daily vaccines<br>"
India,2021-11-13,747989681,368020419,1116010100,54.7409,26.9332,6054340,"",,tt,"India<br>2021-11-13:  6,054,340 daily vaccines<br>"
India,2021-11-14,749085362,370292259,1119377621,54.8211,27.0995,3367521,"",,tt,"India<br>2021-11-14:  3,367,521 daily vaccines<br>"
India,2021-11-15,751066382,374528495,1125594877,54.9661,27.4095,6217256,"",,tt,"India<br>2021-11-15:  6,217,256 daily vaccines<br>"
India,2021-11-16,753315547,379370011,1132685558,55.1307,27.7638,7090681,"",,tt,"India<br>2021-11-16:  7,090,681 daily vaccines<br>"
India,2021-11-17,755438622,384926385,1140365007,55.2861,28.1705,7679449,"",,tt,"India<br>2021-11-17:  7,679,449 daily vaccines<br>"
India,2021-11-18,757859671,390188648,1148048319,55.4632,28.5556,7683312,"",,tt,"India<br>2021-11-18:  7,683,312 daily vaccines<br>"
India,2021-11-19,759794608,393996619,1153791227,55.6049,28.8343,5742908,"",,tt,"India<br>2021-11-19:  5,742,908 daily vaccines<br>"
India,2021-11-20,762010875,398775367,1160786242,55.7671,29.184,6995015,"",,tt,"India<br>2021-11-20:  6,995,015 daily vaccines<br>"
India,2021-11-21,763494006,401159086,1164653092,55.8756,29.3585,3866850,"",,tt,"India<br>2021-11-21:  3,866,850 daily vaccines<br>"
India,2021-11-22,765922383,406116226,1172038609,56.0533,29.7212,7385517,"",,tt,"India<br>2021-11-22:  7,385,517 daily vaccines<br>"
India,2021-11-23,768547294,411607737,1180155031,56.2454,30.1231,8116422,"",,tt,"India<br>2021-11-23:  8,116,422 daily vaccines<br>"
India,2021-11-24,771213506,418291457,1189504963,56.4405,30.6123,9349932,"",,tt,"India<br>2021-11-24:  9,349,932 daily vaccines<br>"
India,2021-11-25,774067309,424395409,1198462718,56.6494,31.059,8957755,"",,tt,"India<br>2021-11-25:  8,957,755 daily vaccines<br>"
India,2021-11-26,776600436,429710256,1206310692,56.8348,31.4479,7847974,"",,tt,"India<br>2021-11-26:  7,847,974 daily vaccines<br>"
India,2021-11-27,779370985,435697688,1215068673,57.0375,31.8861,8757981,"",,tt,"India<br>2021-11-27:  8,757,981 daily vaccines<br>"
India,2021-11-28,781227963,438732912,1219960875,57.1734,32.1083,4892202,"",,tt,"India<br>2021-11-28:  4,892,202 daily vaccines<br>"
India,2021-11-29,783784867,444341969,1228126836,57.3606,32.5187,8165961,"",,tt,"India<br>2021-11-29:  8,165,961 daily vaccines<br>"
India,2021-11-30,786589351,450213788,1236803139,57.5658,32.9485,8676303,"",,tt,"India<br>2021-11-30:  8,676,303 daily vaccines<br>"
India,2021-12-01,788905869,456364466,1245270335,57.7353,33.3986,8467196,"",,tt,"India<br>2021-12-01:  8,467,196 daily vaccines<br>"
India,2021-12-02,791193639,461973518,1253167157,57.9028,33.8091,7896822,"",,tt,"India<br>2021-12-02:  7,896,822 daily vaccines<br>"
India,2021-12-03,793577837,467464960,1261042797,58.0772,34.211,7875640,"",,tt,"India<br>2021-12-03:  7,875,640 daily vaccines<br>"
India,2021-12-04,796588630,475130620,1271719250,58.2976,34.772,10676453,"",,tt,"India<br>2021-12-04: 10,676,453 daily vaccines<br>"
India,2021-12-05,797836508,477371554,1275208062,58.3889,34.936,3488812,"",,tt,"India<br>2021-12-05:  3,488,812 daily vaccines<br>"
India,2021-12-06,800222691,482993370,1283216061,58.5635,35.3474,8007999,"",,tt,"India<br>2021-12-06:  8,007,999 daily vaccines<br>"
India,2021-12-07,802668724,488497581,1291166305,58.7426,35.7502,7950244,"",,tt,"India<br>2021-12-07:  7,950,244 daily vaccines<br>"
India,2021-12-08,805057845,494548166,1299606011,58.9174,36.193,8439706,"",,tt,"India<br>2021-12-08:  8,439,706 daily vaccines<br>"
India,2021-12-09,807380001,500196965,1307576966,59.0873,36.6064,7970955,"",,tt,"India<br>2021-12-09:  7,970,955 daily vaccines<br>"
India,2021-12-10,809611145,506054771,1315665916,59.2506,37.0351,8088950,"",,tt,"India<br>2021-12-10:  8,088,950 daily vaccines<br>"
India,2021-12-11,812084887,512982600,1325067487,59.4317,37.5421,9401571,"",,tt,"India<br>2021-12-11:  9,401,571 daily vaccines<br>"
India,2021-12-12,813101434,514626296,1327727730,59.5061,37.6624,2660243,"",,tt,"India<br>2021-12-12:  2,660,243 daily vaccines<br>"
India,2021-12-13,815022251,519454862,1334477113,59.6466,38.0158,6749383,"",,tt,"India<br>2021-12-13:  6,749,383 daily vaccines<br>"
India,2021-12-14,815216766,519787966,1335004732,59.6609,38.0402,527619,"",,tt,"India<br>2021-12-14:    527,619 daily vaccines<br>"
India,2021-12-15,817203827,525102811,1342306638,59.8063,38.4292,7301906,"",,tt,"India<br>2021-12-15:  7,301,906 daily vaccines<br>"
India,2021-12-16,818868412,529860729,1348729141,59.9281,38.7774,6422503,"",,tt,"India<br>2021-12-16:  6,422,503 daily vaccines<br>"
India,2021-12-17,820560683,535627739,1356188422,60.052,39.1994,7459281,"",,tt,"India<br>2021-12-17:  7,459,281 daily vaccines<br>"
India,2021-12-18,822163554,540633644,1362797198,60.1693,39.5658,6608776,"",,tt,"India<br>2021-12-18:  6,608,776 daily vaccines<br>"
India,2021-12-19,824081419,546723858,1370805277,60.3096,40.0115,8008079,"",,tt,"India<br>2021-12-19:  8,008,079 daily vaccines<br>"
India,2021-12-20,824723058,548189326,1372912384,60.3566,40.1187,2107107,"",,tt,"India<br>2021-12-20:  2,107,107 daily vaccines<br>"
India,2021-12-21,826281998,553388156,1379670154,60.4707,40.4992,6757770,"",,tt,"India<br>2021-12-21:  6,757,770 daily vaccines<br>"
India,2021-12-22,827725879,558056718,1385782597,60.5763,40.8409,6112443,"",,tt,"India<br>2021-12-22:  6,112,443 daily vaccines<br>"
India,2021-12-23,829249055,563919615,1393168670,60.6878,41.2699,7386073,"",,tt,"India<br>2021-12-23:  7,386,073 daily vaccines<br>"
India,2021-12-24,830683849,568671086,1399354935,60.7928,41.6177,6186265,"",,tt,"India<br>2021-12-24:  6,186,265 daily vaccines<br>"
India,2021-12-25,832301949,574016284,1406318233,60.9112,42.0088,6963298,"",,tt,"India<br>2021-12-25:  6,963,298 daily vaccines<br>"
India,2021-12-26,833311375,576652879,1409964254,60.9851,42.2018,3646021,"",,tt,"India<br>2021-12-26:  3,646,021 daily vaccines<br>"
India,2021-12-27,834258751,578958732,1413217483,61.0544,42.3706,3253229,"",,tt,"India<br>2021-12-27:  3,253,229 daily vaccines<br>"
India,2021-12-28,836025610,584847955,1420873565,61.1837,42.8015,7656082,"",,tt,"India<br>2021-12-28:  7,656,082 daily vaccines<br>"
India,2021-12-29,837749187,589978206,1427727393,61.3099,43.177,6853828,"",,tt,"India<br>2021-12-29:  6,853,828 daily vaccines<br>"
India,2021-12-30,839381488,595133006,1434514494,61.4293,43.5543,6787101,"",,tt,"India<br>2021-12-30:  6,787,101 daily vaccines<br>"
India,2021-12-31,841131902,600476514,1441608416,61.5574,43.9453,7093922,"",,tt,"India<br>2021-12-31:  7,093,922 daily vaccines<br>"
India,2022-01-03,850322902,612351372,1462674274,62.2301,44.8144,21065858,"",,tt,"India<br>2022-01-03: 21,065,858 daily vaccines<br>"
India,2022-01-04,857080976,615814527,1472895503,62.7247,45.0678,10221229,"",,tt,"India<br>2022-01-04: 10,221,229 daily vaccines<br>"
India,2022-01-05,863681440,618781687,1482463127,63.2077,45.285,9567624,"",,tt,"India<br>2022-01-05:  9,567,624 daily vaccines<br>"
India,2022-01-06,870207333,622149075,1492356408,63.6853,45.5314,9893281,"",,tt,"India<br>2022-01-06:  9,893,281 daily vaccines<br>"
India,2022-01-07,876032913,625818201,1501851114,64.1116,45.7999,9494706,"",,tt,"India<br>2022-01-07:  9,494,706 daily vaccines<br>"
India,2022-01-08,881263031,630139238,1511402269,64.4944,46.1161,9551155,"",,tt,"India<br>2022-01-08:  9,551,155 daily vaccines<br>"
India,2022-01-09,883170449,631956471,1515126920,64.634,46.2491,3724651,"",,tt,"India<br>2022-01-09:  3,724,651 daily vaccines<br>"
India,2022-01-11,888084689,636080397,1525149657,64.9936,46.5509,10022737,"",,tt,"India<br>2022-01-11: 10,022,737 daily vaccines<br>"
India,2022-01-12,895760291,643751060,1542144413,65.5554,47.1123,16994756,"",,tt,"India<br>2022-01-12: 16,994,756 daily vaccines<br>"
India,2022-01-13,895806723,643796210,1542240003,65.5588,47.1156,95590,"",,tt,"India<br>2022-01-13:     95,590 daily vaccines<br>"
India,2022-01-14,901726389,650323471,1555747268,65.992,47.5933,13507265,"",,tt,"India<br>2022-01-14: 13,507,265 daily vaccines<br>"
India,2022-01-15,901966374,650616311,1556288106,66.0096,47.6147,540838,"",,tt,"India<br>2022-01-15:    540,838 daily vaccines<br>"
India,2022-01-16,905235851,654203999,1563629212,66.2488,47.8773,7341106,"",,tt,"India<br>2022-01-16:  7,341,106 daily vaccines<br>"
India,2022-01-17,907305212,656425864,1568049952,66.4003,48.0399,4420740,"",,tt,"India<br>2022-01-17:  4,420,740 daily vaccines<br>"
India,2022-01-18,910666446,660815749,1576431402,66.6463,48.3612,8381450,"",,tt,"India<br>2022-01-18:  8,381,450 daily vaccines<br>"
India,2022-01-19,913972659,665335160,1584838829,66.8882,48.6919,8407427,"",,tt,"India<br>2022-01-19:  8,407,427 daily vaccines<br>"
India,2022-01-20,917002384,669702432,1592744637,67.11,49.0115,7905808,"",,tt,"India<br>2022-01-20:  7,905,808 daily vaccines<br>"
India,2022-01-21,919854928,673782343,1600248420,67.3187,49.3101,7503783,"",,tt,"India<br>2022-01-21:  7,503,783 daily vaccines<br>"
India,2022-01-22,922464253,677871291,1607488070,67.5097,49.6094,7239650,"",,tt,"India<br>2022-01-22:  7,239,650 daily vaccines<br>"
India,2022-01-23,925093120,682325417,1615091862,67.7021,49.9353,7603792,"",,tt,"India<br>2022-01-23:  7,603,792 daily vaccines<br>"
India,2022-01-24,926284502,684302855,1618396295,67.7893,50.0801,3304433,"",,tt,"India<br>2022-01-24:  3,304,433 daily vaccines<br>"
India,2022-01-25,928391369,688166556,1624988159,67.9435,50.3628,6591864,"",,tt,"India<br>2022-01-25:  6,591,864 daily vaccines<br>"
India,2022-01-26,930515598,692044928,1631569447,68.0989,50.6467,6581288,"",,tt,"India<br>2022-01-26:  6,581,288 daily vaccines<br>"
India,2022-01-27,931260236,693644874,1634161406,68.1534,50.7637,2591959,"",,tt,"India<br>2022-01-27:  2,591,959 daily vaccines<br>"
India,2022-01-28,933078765,697204013,1640176731,68.2865,51.0242,6015325,"",,tt,"India<br>2022-01-28:  6,015,325 daily vaccines<br>"
India,2022-01-29,934784919,700846948,1646178736,68.4114,51.2908,6002005,"",,tt,"India<br>2022-01-29:  6,002,005 daily vaccines<br>"
India,2022-01-30,936777488,704770725,1652710858,68.5572,51.578,6532122,"",,tt,"India<br>2022-01-30:  6,532,122 daily vaccines<br>"
India,2022-01-31,937912864,706807692,1656048435,68.6403,51.7271,3337577,"",,tt,"India<br>2022-01-31:  3,337,577 daily vaccines<br>"
India,2022-02-01,941243432,714483716,1668131139,68.884,52.2888,12082704,"",,tt,"India<br>2022-02-01: 12,082,704 daily vaccines<br>"
India,2022-02-02,942645204,718145520,1673638399,68.9866,52.5568,5507260,"",,tt,"India<br>2022-02-02:  5,507,260 daily vaccines<br>"
India,2022-02-03,944185773,722416223,1679890891,69.0993,52.8694,6252492,"",,tt,"India<br>2022-02-03:  6,252,492 daily vaccines<br>"
India,2022-02-04,945474597,725800989,1684971612,69.1937,53.1171,5080721,"",,tt,"India<br>2022-02-04:  5,080,721 daily vaccines<br>"
India,2022-02-05,946725022,729032009,1689786012,69.2852,53.3535,4814400,"",,tt,"India<br>2022-02-05:  4,814,400 daily vaccines<br>"
India,2022-02-06,947298315,730067413,1691501527,69.3271,53.4293,1715515,"",,tt,"India<br>2022-02-06:  1,715,515 daily vaccines<br>"
India,2022-02-07,948539166,734091969,1697200279,69.4179,53.7238,5698752,"",,tt,"India<br>2022-02-07:  5,698,752 daily vaccines<br>"
India,2022-02-08,949820863,739046367,1703817154,69.5117,54.0864,6616875,"",,tt,"India<br>2022-02-08:  6,616,875 daily vaccines<br>"
India,2022-02-09,950846556,741530377,1707675041,69.5868,54.2682,3857887,"",,tt,"India<br>2022-02-09:  3,857,887 daily vaccines<br>"
India,2022-02-10,951962674,745355116,1712997109,69.6685,54.5481,5322068,"",,tt,"India<br>2022-02-10:  5,322,068 daily vaccines<br>"
India,2022-02-11,952959108,748985916,1717983248,69.7414,54.8138,4986139,"",,tt,"India<br>2022-02-11:  4,986,139 daily vaccines<br>"
India,2022-02-12,954049261,752732622,1723145548,69.8212,55.088,5162300,"",,tt,"India<br>2022-02-12:  5,162,300 daily vaccines<br>"
India,2022-02-13,954470293,753803114,1724715054,69.852,55.1664,1569506,"",,tt,"India<br>2022-02-13:  1,569,506 daily vaccines<br>"
India,2022-02-14,955319056,757243611,1729322289,69.9141,55.4182,4607235,"",,tt,"India<br>2022-02-14:  4,607,235 daily vaccines<br>"
India,2022-02-15,956063826,760406166,1733495399,69.9686,55.6496,4173110,"",,tt,"India<br>2022-02-15:  4,173,110 daily vaccines<br>"
India,2022-02-16,956775097,763350804,1737375710,70.0207,55.8651,3880311,"",,tt,"India<br>2022-02-16:  3,880,311 daily vaccines<br>"
India,2022-02-17,957474786,766417637,1741366871,70.0719,56.0896,3991161,"",,tt,"India<br>2022-02-17:  3,991,161 daily vaccines<br>"
India,2022-02-18,958122474,769494247,1745303380,70.1193,56.3147,3936509,"",,tt,"India<br>2022-02-18:  3,936,509 daily vaccines<br>"
India,2022-02-19,958670371,772060585,1748588046,70.1594,56.5025,3284666,"",,tt,"India<br>2022-02-19:  3,284,666 daily vaccines<br>"
India,2022-02-20,958851332,772847869,1749598150,70.1726,56.5601,1010104,"",,tt,"India<br>2022-02-20:  1,010,104 daily vaccines<br>"
India,2022-02-21,959361654,775706462,1753141448,70.21,56.7693,3543298,"",,tt,"India<br>2022-02-21:  3,543,298 daily vaccines<br>"
India,2022-02-22,959907615,778654834,1756814399,70.2499,56.9851,3672951,"",,tt,"India<br>2022-02-22:  3,672,951 daily vaccines<br>"
India,2022-02-23,960342412,781129068,1759867433,70.2818,57.1662,3053034,"",,tt,"India<br>2022-02-23:  3,053,034 daily vaccines<br>"
India,2022-02-24,960848343,784041243,1763441760,70.3188,57.3793,3574327,"",,tt,"India<br>2022-02-24:  3,574,327 daily vaccines<br>"
India,2022-02-25,961280712,786581114,1766551729,70.3504,57.5652,3109969,"",,tt,"India<br>2022-02-25:  3,109,969 daily vaccines<br>"
India,2022-02-26,961652508,788753677,1769211159,70.3776,57.7242,2659430,"",,tt,"India<br>2022-02-26:  2,659,430 daily vaccines<br>"
India,2022-02-27,961764076,789392953,1769991117,70.3858,57.771,779958,"",,tt,"India<br>2022-02-27:    779,958 daily vaccines<br>"
India,2022-02-28,962005887,790909491,1771832960,70.4035,57.882,1841843,"",,tt,"India<br>2022-02-28:  1,841,843 daily vaccines<br>"
India,2022-03-01,962143226,791816590,1772918605,70.4135,57.9484,1085645,"",,tt,"India<br>2022-03-01:  1,085,645 daily vaccines<br>"
India,2022-03-02,962413941,793624424,1775094082,70.4334,58.0807,2175477,"",,tt,"India<br>2022-03-02:  2,175,477 daily vaccines<br>"
India,2022-03-03,962729770,795832540,1777735815,70.4565,58.2423,2641733,"",,tt,"India<br>2022-03-03:  2,641,733 daily vaccines<br>"
India,2022-03-04,963031669,798041664,1780364499,70.4786,58.4039,2628684,"",,tt,"India<br>2022-03-04:  2,628,684 daily vaccines<br>"
India,2022-03-05,963380903,800362806,1783148182,70.5041,58.5738,2783683,"",,tt,"India<br>2022-03-05:  2,783,683 daily vaccines<br>"
India,2022-03-06,963489056,801021509,1783942200,70.512,58.622,794018,"",,tt,"India<br>2022-03-06:    794,018 daily vaccines<br>"
India,2022-03-07,963714087,802660451,1785903570,70.5285,58.742,1961370,"",,tt,"India<br>2022-03-07:  1,961,370 daily vaccines<br>"
India,2022-03-08,963985630,804598960,1788215151,70.5484,58.8838,2311581,"",,tt,"India<br>2022-03-08:  2,311,581 daily vaccines<br>"
India,2022-03-09,964201345,806257719,1790176147,70.5642,59.0052,1960996,"",,tt,"India<br>2022-03-09:  1,960,996 daily vaccines<br>"
India,2022-03-10,964399332,807813093,1792021232,70.5787,59.119,1845085,"",,tt,"India<br>2022-03-10:  1,845,085 daily vaccines<br>"
India,2022-03-11,964616716,809455483,1793972688,70.5946,59.2392,1951456,"",,tt,"India<br>2022-03-11:  1,951,456 daily vaccines<br>"
India,2022-03-12,964859690,811267986,1796114132,70.6124,59.3719,2141444,"",,tt,"India<br>2022-03-12:  2,141,444 daily vaccines<br>"
India,2022-03-13,964936764,811852522,1796794876,70.618,59.4147,680744,"",,tt,"India<br>2022-03-13:    680,744 daily vaccines<br>"
India,2022-03-15,965347473,815306074,1800854485,70.648,59.6674,4059609,"",,tt,"India<br>2022-03-15:  4,059,609 daily vaccines<br>"
India,2022-03-16,965726611,816701226,1802707530,70.6758,59.7695,1853045,"",,tt,"India<br>2022-03-16:  1,853,045 daily vaccines<br>"
India,2022-03-17,966494278,817722327,1804576172,70.732,59.8442,1868642,"",,tt,"India<br>2022-03-17:  1,868,642 daily vaccines<br>"
India,2022-03-18,966542870,817788690,1804695924,70.7355,59.8491,119752,"",,tt,"India<br>2022-03-18:    119,752 daily vaccines<br>"
India,2022-03-19,966839960,818146612,1805375204,70.7573,59.8753,679280,"",,tt,"India<br>2022-03-19:    679,280 daily vaccines<br>"
India,2022-03-20,967537951,819004235,1806997668,70.8084,59.9381,1622464,"",,tt,"India<br>2022-03-20:  1,622,464 daily vaccines<br>"
India,2022-03-21,967641781,819283192,1807396066,70.816,59.9585,398398,"",,tt,"India<br>2022-03-21:    398,398 daily vaccines<br>"
India,2022-03-22,969430436,820455807,1810481777,70.9469,60.0443,3085711,"",,tt,"India<br>2022-03-22:  3,085,711 daily vaccines<br>"
India,2022-03-23,971418902,821644405,1813789259,71.0924,60.1313,3307482,"",,tt,"India<br>2022-03-23:  3,307,482 daily vaccines<br>"
India,2022-03-24,973619728,822745940,1817202740,71.2534,60.2119,3413481,"",,tt,"India<br>2022-03-24:  3,413,481 daily vaccines<br>"
India,2022-03-25,975611066,823859510,1820441518,71.3992,60.2934,3238778,"",,tt,"India<br>2022-03-25:  3,238,778 daily vaccines<br>"
India,2022-03-26,977502323,825021783,1823632322,71.5376,60.3784,3190804,"",,tt,"India<br>2022-03-26:  3,190,804 daily vaccines<br>"
India,2022-03-27,979247450,826369106,1826875127,71.6653,60.477,3242805,"",,tt,"India<br>2022-03-27:  3,242,805 daily vaccines<br>"
India,2022-03-28,979481992,826744761,1827507652,71.6825,60.5045,632525,"",,tt,"India<br>2022-03-28:    632,525 daily vaccines<br>"
India,2022-03-29,980977377,827846753,1830254943,71.7919,60.5852,2747291,"",,tt,"India<br>2022-03-29:  2,747,291 daily vaccines<br>"
India,2022-03-30,982569298,828982398,1833124222,71.9084,60.6683,2869279,"",,tt,"India<br>2022-03-30:  2,869,279 daily vaccines<br>"
India,2022-03-31,983781651,830040634,1835535147,71.9971,60.7457,2410925,"",,tt,"India<br>2022-03-31:  2,410,925 daily vaccines<br>"
India,2022-04-01,985175824,831020799,1838066124,72.0992,60.8175,2530977,"",,tt,"India<br>2022-04-01:  2,530,977 daily vaccines<br>"
India,2022-04-02,986155752,831940481,1840118864,72.1709,60.8848,2052740,"",,tt,"India<br>2022-04-02:  2,052,740 daily vaccines<br>"
India,2022-04-03,986713450,832735487,1841562266,72.2117,60.943,1443402,"",,tt,"India<br>2022-04-03:  1,443,402 daily vaccines<br>"
India,2022-04-04,986841231,832981376,1841955820,72.221,60.961,393554,"",,tt,"India<br>2022-04-04:    393,554 daily vaccines<br>"
India,2022-04-05,987528917,833755892,1843591956,72.2714,61.0176,1636136,"",,tt,"India<br>2022-04-05:  1,636,136 daily vaccines<br>"
India,2022-04-06,988259708,834544169,1845263769,72.3249,61.0753,1671813,"",,tt,"India<br>2022-04-06:  1,671,813 daily vaccines<br>"
India,2022-04-07,988981067,835355126,1846925901,72.3777,61.1347,1662132,"",,tt,"India<br>2022-04-07:  1,662,132 daily vaccines<br>"
India,2022-04-08,989783104,836219672,1848734241,72.4363,61.198,1808340,"",,tt,"India<br>2022-04-08:  1,808,340 daily vaccines<br>"
India,2022-04-09,990447329,837038046,1850354768,72.485,61.2578,1620527,"",,tt,"India<br>2022-04-09:  1,620,527 daily vaccines<br>"
India,2022-04-10,991064417,837862431,1851922047,72.5301,61.3182,1567279,"",,tt,"India<br>2022-04-10:  1,567,279 daily vaccines<br>"
India,2022-04-11,991159507,838091860,1852265412,72.5371,61.335,343365,"",,tt,"India<br>2022-04-11:    343,365 daily vaccines<br>"
India,2022-04-12,991744024,838928242,1853912601,72.5799,61.3962,1647189,"",,tt,"India<br>2022-04-12:  1,647,189 daily vaccines<br>"
India,2022-04-13,992327271,839773639,1855546478,72.6225,61.458,1633877,"",,tt,"India<br>2022-04-13:  1,633,877 daily vaccines<br>"
India,2022-04-14,992897043,840615952,1857126270,72.6642,61.5197,1579792,"",,tt,"India<br>2022-04-14:  1,579,792 daily vaccines<br>"
India,2022-04-15,993112001,841104653,1857913438,72.68,61.5555,787168,"",,tt,"India<br>2022-04-15:    787,168 daily vaccines<br>"
India,2022-04-16,993314399,841588276,1858681778,72.6948,61.5908,768340,"",,tt,"India<br>2022-04-16:    768,340 daily vaccines<br>"
India,2022-04-17,993673581,842371044,1860003469,72.7211,61.6481,1321691,"",,tt,"India<br>2022-04-17:  1,321,691 daily vaccines<br>"
India,2022-04-18,993748381,842594073,1860340045,72.7265,61.6645,336576,"",,tt,"India<br>2022-04-18:    336,576 daily vaccines<br>"
India,2022-04-19,994192346,843644064,1862064987,72.759,61.7413,1724942,"",,tt,"India<br>2022-04-19:  1,724,942 daily vaccines<br>"
India,2022-04-20,994659595,844794819,1863905506,72.7932,61.8255,1840519,"",,tt,"India<br>2022-04-20:  1,840,519 daily vaccines<br>"
India,2022-04-21,995043522,845873480,1865554375,72.8213,61.9045,1648869,"",,tt,"India<br>2022-04-21:  1,648,869 daily vaccines<br>"
India,2022-04-22,995515440,847109439,1867469687,72.8559,61.9949,1915312,"",,tt,"India<br>2022-04-22:  1,915,312 daily vaccines<br>"
India,2022-04-23,996025967,848434739,1869518560,72.8932,62.0919,2048873,"",,tt,"India<br>2022-04-23:  2,048,873 daily vaccines<br>"
India,2022-04-24,996498677,849762078,1871567612,72.9278,62.189,2049052,"",,tt,"India<br>2022-04-24:  2,049,052 daily vaccines<br>"
India,2022-04-25,996602348,850060036,1872028132,72.9354,62.2108,460520,"",,tt,"India<br>2022-04-25:    460,520 daily vaccines<br>"
India,2022-04-26,997146010,851631264,1874406193,72.9752,62.3258,2378061,"",,tt,"India<br>2022-04-26:  2,378,061 daily vaccines<br>"
India,2022-04-27,997697936,853174178,1876771272,73.0156,62.4388,2365079,"",,tt,"India<br>2022-04-27:  2,365,079 daily vaccines<br>"
India,2022-04-28,998136707,854627015,1878900603,73.0477,62.5451,2129331,"",,tt,"India<br>2022-04-28:  2,129,331 daily vaccines<br>"
India,2022-04-29,998683955,856295749,1881368622,73.0877,62.6672,2468019,"",,tt,"India<br>2022-04-29:  2,468,019 daily vaccines<br>"
India,2022-04-30,999198664,857982861,1883811231,73.1254,62.7907,2442609,"",,tt,"India<br>2022-04-30:  2,442,609 daily vaccines<br>"
India,2022-05-01,999762781,859898268,1886591656,73.1667,62.9308,2780425,"",,tt,"India<br>2022-05-01:  2,780,425 daily vaccines<br>"
India,2022-05-02,999892532,860313951,1887215531,73.1762,62.9613,623875,"",,tt,"India<br>2022-05-02:    623,875 daily vaccines<br>"
India,2022-05-03,1000233715,861517979,1888985238,73.2012,63.0494,1769707,"",,tt,"India<br>2022-05-03:  1,769,707 daily vaccines<br>"
India,2022-05-04,1000357587,861929800,1889616279,73.2102,63.0795,631041,"",,tt,"India<br>2022-05-04:    631,041 daily vaccines<br>"
India,2022-05-05,1000652036,862974829,1891144587,73.2318,63.156,1528308,"",,tt,"India<br>2022-05-05:  1,528,308 daily vaccines<br>"
India,2022-05-06,1001010628,864229534,1892964417,73.258,63.2478,1819830,"",,tt,"India<br>2022-05-06:  1,819,830 daily vaccines<br>"
India,2022-05-07,1001402546,865548599,1894907838,73.2867,63.3444,1943421,"",,tt,"India<br>2022-05-07:  1,943,421 daily vaccines<br>"
India,2022-05-08,1001804096,866821836,1896815351,73.3161,63.4375,1907513,"",,tt,"India<br>2022-05-08:  1,907,513 daily vaccines<br>"
India,2022-05-09,1002103923,867893357,1898300313,73.338,63.516,1484962,"",,tt,"India<br>2022-05-09:  1,484,962 daily vaccines<br>"
India,2022-05-10,1002405070,868995548,1899895036,73.3601,63.5966,1594723,"",,tt,"India<br>2022-05-10:  1,594,723 daily vaccines<br>"
India,2022-05-11,1002722657,870151385,1901558236,73.3833,63.6812,1663200,"",,tt,"India<br>2022-05-11:  1,663,200 daily vaccines<br>"
India,2022-05-12,1003040543,871316636,1903209222,73.4066,63.7665,1650986,"",,tt,"India<br>2022-05-12:  1,650,986 daily vaccines<br>"
India,2022-05-13,1003365094,872365307,1904755439,73.4303,63.8432,1546217,"",,tt,"India<br>2022-05-13:  1,546,217 daily vaccines<br>"
India,2022-05-14,1003711147,873470469,1906401007,73.4557,63.9241,1645568,"",,tt,"India<br>2022-05-14:  1,645,568 daily vaccines<br>"
India,2022-05-15,1004026920,874579107,1908105500,73.4788,64.0053,1704493,"",,tt,"India<br>2022-05-15:  1,704,493 daily vaccines<br>"
India,2022-05-16,1004100915,874868485,1908541945,73.4842,64.0264,436445,"",,tt,"India<br>2022-05-16:    436,445 daily vaccines<br>"
India,2022-05-17,1004285412,875611168,1909702425,73.4977,64.0808,1160480,"",,tt,"India<br>2022-05-17:  1,160,480 daily vaccines<br>"
India,2022-05-18,1004588069,876650052,1911308337,73.5198,64.1568,1605912,"",,tt,"India<br>2022-05-18:  1,605,912 daily vaccines<br>"
India,2022-05-19,1004836848,877664734,1912804472,73.538,64.2311,1496135,"",,tt,"India<br>2022-05-19:  1,496,135 daily vaccines<br>"
India,2022-05-20,1005148356,878743524,1914440085,73.5608,64.31,1635613,"",,tt,"India<br>2022-05-20:  1,635,613 daily vaccines<br>"
India,2022-05-21,1005452849,879815038,1916104288,73.5831,64.3884,1664203,"",,tt,"India<br>2022-05-21:  1,664,203 daily vaccines<br>"
India,2022-05-22,1005718662,880792998,1917663277,73.6026,64.46,1558989,"",,tt,"India<br>2022-05-22:  1,558,989 daily vaccines<br>"
India,2022-05-23,1005790490,881385309,1918641279,73.6078,64.5034,978002,"",,tt,"India<br>2022-05-23:    978,002 daily vaccines<br>"
India,2022-05-24,1006008810,882293855,1920066619,73.6238,64.5698,1425340,"",,tt,"India<br>2022-05-24:  1,425,340 daily vaccines<br>"
India,2022-05-25,1006240128,883228721,1921537945,73.6407,64.6383,1471326,"",,tt,"India<br>2022-05-25:  1,471,326 daily vaccines<br>"
India,2022-05-26,1006461993,884192674,1922996731,73.657,64.7088,1458786,"",,tt,"India<br>2022-05-26:  1,458,786 daily vaccines<br>"
India,2022-05-27,1006726993,885200054,1924568149,73.6764,64.7825,1571418,"",,tt,"India<br>2022-05-27:  1,571,418 daily vaccines<br>"
India,2022-05-28,1006992682,886203123,1926135094,73.6958,64.8559,1566945,"",,tt,"India<br>2022-05-28:  1,566,945 daily vaccines<br>"
India,2022-05-29,1007225509,887109601,1927635677,73.7129,64.9223,1500583,"",,tt,"India<br>2022-05-29:  1,500,583 daily vaccines<br>"
India,2022-05-30,1007270855,887304151,1927948952,73.7162,64.9365,313275,"",,tt,"India<br>2022-05-30:    313,275 daily vaccines<br>"
India,2022-05-31,1007462759,888131667,1929280250,73.7302,64.9971,1331298,"",,tt,"India<br>2022-05-31:  1,331,298 daily vaccines<br>"
India,2022-06-01,1007636749,888889971,1930480064,73.7429,65.0526,1199814,"",,tt,"India<br>2022-06-01:  1,199,814 daily vaccines<br>"
India,2022-06-02,1007831723,889720865,1931810361,73.7572,65.1134,1330297,"",,tt,"India<br>2022-06-02:  1,330,297 daily vaccines<br>"
India,2022-06-03,1008001668,890565370,1933131622,73.7697,65.1752,1321261,"",,tt,"India<br>2022-06-03:  1,321,261 daily vaccines<br>"
India,2022-06-04,1008163193,891385087,1934393463,73.7815,65.2352,1261841,"",,tt,"India<br>2022-06-04:  1,261,841 daily vaccines<br>"
India,2022-06-05,1008337098,892196235,1935704381,73.7942,65.2945,1310918,"",,tt,"India<br>2022-06-05:  1,310,918 daily vaccines<br>"
India,2022-06-06,1008381481,892421787,1936044510,73.7975,65.3111,340129,"",,tt,"India<br>2022-06-06:    340,129 daily vaccines<br>"
India,2022-06-07,1008577273,893339051,1937473188,73.8118,65.3782,1428678,"",,tt,"India<br>2022-06-07:  1,428,678 daily vaccines<br>"
India,2022-06-08,1008797811,894394446,1939082277,73.8279,65.4554,1609089,"",,tt,"India<br>2022-06-08:  1,609,089 daily vaccines<br>"
India,2022-06-09,1008999276,895434808,1940736469,73.8427,65.5316,1654192,"",,tt,"India<br>2022-06-09:  1,654,192 daily vaccines<br>"
India,2022-06-10,1009220736,896519730,1942397770,73.8589,65.611,1661301,"",,tt,"India<br>2022-06-10:  1,661,301 daily vaccines<br>"
India,2022-06-11,1009430844,897585718,1944025047,73.8742,65.689,1627277,"",,tt,"India<br>2022-06-11:  1,627,277 daily vaccines<br>"
India,2022-06-12,1009607350,898511978,1945462477,73.8872,65.7568,1437430,"",,tt,"India<br>2022-06-12:  1,437,430 daily vaccines<br>"
India,2022-06-13,1009759297,899466868,1946733293,73.8983,65.8266,1270816,"",,tt,"India<br>2022-06-13:  1,270,816 daily vaccines<br>"
India,2022-06-14,1009954167,900488132,1948321219,73.9125,65.9014,1587926,"",,tt,"India<br>2022-06-14:  1,587,926 daily vaccines<br>"
India,2022-06-15,1010130680,901464888,1949838130,73.9255,65.9729,1516911,"",,tt,"India<br>2022-06-15:  1,516,911 daily vaccines<br>"
India,2022-06-16,1010316131,902453565,1951484228,73.939,66.0452,1646098,"",,tt,"India<br>2022-06-16:  1,646,098 daily vaccines<br>"
India,2022-06-17,1010512572,903485129,1953149448,73.9534,66.1207,1665220,"",,tt,"India<br>2022-06-17:  1,665,220 daily vaccines<br>"
India,2022-06-18,1010707883,904510032,1954788745,73.9677,66.1957,1639297,"",,tt,"India<br>2022-06-18:  1,639,297 daily vaccines<br>"
India,2022-06-19,1010861001,905359653,1956233602,73.9789,66.2579,1444857,"",,tt,"India<br>2022-06-19:  1,444,857 daily vaccines<br>"
India,2022-06-20,1010902006,905595153,1956611502,73.9819,66.2751,377900,"",,tt,"India<br>2022-06-20:    377,900 daily vaccines<br>"
India,2022-06-21,1011057255,906451805,1957985839,73.9933,66.3378,1374337,"",,tt,"India<br>2022-06-21:  1,374,337 daily vaccines<br>"
India,2022-06-22,1011211762,907304044,1959342742,74.0046,66.4002,1356903,"",,tt,"India<br>2022-06-22:  1,356,903 daily vaccines<br>"
India,2022-06-23,1011394120,908260120,1960953475,74.0179,66.4702,1610733,"",,tt,"India<br>2022-06-23:  1,610,733 daily vaccines<br>"
India,2022-06-24,1011583423,909187348,1962474719,74.0318,66.538,1521244,"",,tt,"India<br>2022-06-24:  1,521,244 daily vaccines<br>"
India,2022-06-25,1011795003,910207330,1964181654,74.0473,66.6127,1706935,"",,tt,"India<br>2022-06-25:  1,706,935 daily vaccines<br>"
India,2022-06-26,1011973469,911006985,1965591890,74.0603,66.6712,1410236,"",,tt,"India<br>2022-06-26:  1,410,236 daily vaccines<br>"
India,2022-06-27,1012004877,911211997,1965931639,74.0626,66.6862,339749,"",,tt,"India<br>2022-06-27:    339,749 daily vaccines<br>"
India,2022-06-28,1012437421,913092844,1969304296,74.0943,66.8238,3372657,"",,tt,"India<br>2022-06-28:  3,372,657 daily vaccines<br>"
India,2022-06-29,1012634074,913945413,1970836161,74.1087,66.8862,1531865,"",,tt,"India<br>2022-06-29:  1,531,865 daily vaccines<br>"
India,2022-06-30,1012816923,914688687,1972133397,74.1221,66.9406,1297236,"",,tt,"India<br>2022-06-30:  1,297,236 daily vaccines<br>"
India,2022-07-01,1012955996,915289171,1973160410,74.1322,66.9846,1027013,"",,tt,"India<br>2022-07-01:  1,027,013 daily vaccines<br>"
India,2022-07-02,1013092497,915851429,1974243943,74.1422,67.0257,1083533,"",,tt,"India<br>2022-07-02:  1,083,533 daily vaccines<br>"
India,2022-07-03,1013121974,916012443,1974533647,74.1444,67.0375,289704,"",,tt,"India<br>2022-07-03:    289,704 daily vaccines<br>"
India,2022-07-04,1013271315,916607400,1975653437,74.1553,67.0811,1119790,"",,tt,"India<br>2022-07-04:  1,119,790 daily vaccines<br>"
India,2022-07-05,1013418926,917211054,1976754486,74.1661,67.1252,1101049,"",,tt,"India<br>2022-07-05:  1,101,049 daily vaccines<br>"
India,2022-07-06,1013568732,917860006,1977980655,74.1771,67.1727,1226169,"",,tt,"India<br>2022-07-06:  1,226,169 daily vaccines<br>"
India,2022-07-07,1013805503,918761468,1979856799,74.1944,67.2387,1876144,"",,tt,"India<br>2022-07-07:  1,876,144 daily vaccines<br>"
India,2022-07-08,1013986387,919425366,1981229158,74.2076,67.2873,1372359,"",,tt,"India<br>2022-07-08:  1,372,359 daily vaccines<br>"
India,2022-07-09,1014119262,919927916,1982359407,74.2174,67.3241,1130249,"",,tt,"India<br>2022-07-09:  1,130,249 daily vaccines<br>"
India,2022-07-10,1014279027,920653436,1983551286,74.2291,67.3772,1191879,"",,tt,"India<br>2022-07-10:  1,191,879 daily vaccines<br>"
India,2022-07-11,1014415205,921198983,1984755922,74.239,67.4171,1204636,"",,tt,"India<br>2022-07-11:  1,204,636 daily vaccines<br>"
India,2022-07-12,1014546558,921788301,1985974242,74.2486,67.4602,1218320,"",,tt,"India<br>2022-07-12:  1,218,320 daily vaccines<br>"
India,2022-07-13,1014687000,922431461,1987417706,74.2589,67.5073,1443464,"",,tt,"India<br>2022-07-13:  1,443,464 daily vaccines<br>"
India,2022-07-14,1014905961,923289635,1989405269,74.2749,67.5701,1987563,"",,tt,"India<br>2022-07-14:  1,987,563 daily vaccines<br>"
India,2022-07-15,1015077600,923899974,1991842328,74.2875,67.6148,2437059,"",,tt,"India<br>2022-07-15:  2,437,059 daily vaccines<br>"
India,2022-07-17,1015268539,924578873,1995155639,74.3015,67.6644,3313311,"",,tt,"India<br>2022-07-17:  3,313,311 daily vaccines<br>"
