state,place,date,confirmed,tested,daily_confirmed,daily_tested,tpr,text
India,tt,2020-03-18,171,13125,25,6625,0.00377358490566038,Date: Mar 18<br>TPR:  0.38%
India,tt,2020-03-19,198,14175,27,1050,0.0257142857142857,Date: Mar 19<br>TPR:  2.57%
India,tt,2020-03-20,256,15404,58,1229,0.0471928397070789,Date: Mar 20<br>TPR:  4.72%
India,tt,2020-03-21,334,16911,78,1507,0.0517584605175846,Date: Mar 21<br>TPR:  5.18%
India,tt,2020-03-22,403,18127,69,1216,0.0567434210526316,Date: Mar 22<br>TPR:  5.67%
India,tt,2020-03-23,497,20707,94,2580,0.0364341085271318,Date: Mar 23<br>TPR:  3.64%
India,tt,2020-03-24,571,22694,74,1987,0.0372420734776044,Date: Mar 24<br>TPR:  3.72%
India,tt,2020-03-25,657,25144,86,2450,0.0351020408163265,Date: Mar 25<br>TPR:  3.51%
India,tt,2020-03-26,730,27688,73,2544,0.0286949685534591,Date: Mar 26<br>TPR:  2.87%
India,tt,2020-03-30,1326,38442,187,10754,0.0173888785568161,Date: Mar 30<br>TPR:  1.74%
India,tt,2020-03-31,1635,42788,309,4346,0.0710998619420156,Date: Mar 31<br>TPR:  7.11%
India,tt,2020-04-01,2059,47951,424,5163,0.0821227968235522,Date: Apr 01<br>TPR:  8.21%
India,tt,2020-04-02,2545,55851,486,7900,0.0615189873417722,Date: Apr 02<br>TPR:  6.15%
India,tt,2020-04-03,3105,69245,560,13394,0.0418097655666716,Date: Apr 03<br>TPR:  4.18%
India,tt,2020-04-04,3684,79950,579,10705,0.0540868752919197,Date: Apr 04<br>TPR:  5.41%
India,tt,2020-04-05,4293,89534,609,9584,0.0635434056761269,Date: Apr 05<br>TPR:  6.35%
India,tt,2020-04-06,4777,101068,484,11534,0.0419628923183631,Date: Apr 06<br>TPR:  4.20%
India,tt,2020-04-07,5350,114015,573,12947,0.0442573569166602,Date: Apr 07<br>TPR:  4.43%
India,tt,2020-04-08,5915,127919,565,13904,0.0406357882623705,Date: Apr 08<br>TPR:  4.06%
India,tt,2020-04-09,6728,144910,813,16991,0.0478488611617915,Date: Apr 09<br>TPR:  4.78%
India,tt,2020-04-10,7599,161330,871,16420,0.0530450669914738,Date: Apr 10<br>TPR:  5.30%
India,tt,2020-04-11,8453,179374,854,18044,0.047328751939703,Date: Apr 11<br>TPR:  4.73%
India,tt,2020-04-12,9211,195748,758,16374,0.0462929033834127,Date: Apr 12<br>TPR:  4.63%
India,tt,2020-04-13,10454,217554,1243,21806,0.0570026598183986,Date: Apr 13<br>TPR:  5.70%
India,tt,2020-04-14,11485,244893,1031,27339,0.0377116939171147,Date: Apr 14<br>TPR:  3.77%
India,tt,2020-04-15,12371,274599,886,29706,0.0298256244529725,Date: Apr 15<br>TPR:  2.98%
India,tt,2020-04-16,13432,302956,1061,28357,0.037415805621187,Date: Apr 16<br>TPR:  3.74%
India,tt,2020-04-17,14354,335123,922,32167,0.028662915410203,Date: Apr 17<br>TPR:  2.87%
India,tt,2020-04-18,15725,372123,1371,37000,0.0370540540540541,Date: Apr 18<br>TPR:  3.71%
India,tt,2020-04-19,17305,401586,1580,29463,0.0536265824932967,Date: Apr 19<br>TPR:  5.36%
India,tt,2020-04-21,20081,462621,1537,61035,0.0251822724666175,Date: Apr 21<br>TPR:  2.52%
India,tt,2020-04-22,21373,500542,1292,37921,0.0340708314654149,Date: Apr 22<br>TPR:  3.41%
India,tt,2020-04-23,23040,541789,1667,41247,0.0404150604892477,Date: Apr 23<br>TPR:  4.04%
India,tt,2020-04-24,24448,579957,1408,38168,0.0368895409767344,Date: Apr 24<br>TPR:  3.69%
India,tt,2020-04-25,26283,625309,1835,45352,0.0404612806491445,Date: Apr 25<br>TPR:  4.05%
India,tt,2020-04-26,27890,665819,1607,40510,0.0396692174771661,Date: Apr 26<br>TPR:  3.97%
India,tt,2020-04-27,29458,716733,1568,50914,0.0307970302863652,Date: Apr 27<br>TPR:  3.08%
India,tt,2020-04-28,31360,770764,1902,54031,0.0352020136588255,Date: Apr 28<br>TPR:  3.52%
India,tt,2020-04-29,33065,830201,1705,59437,0.02868583542238,Date: Apr 29<br>TPR:  2.87%
India,tt,2020-04-30,34867,902654,1802,72453,0.024871295874567,Date: Apr 30<br>TPR:  2.49%
India,tt,2020-05-01,37263,976363,2396,73709,0.032506206840413,Date: May 01<br>TPR:  3.25%
India,tt,2020-05-02,39827,1046450,2564,70087,0.0365831038566353,Date: May 02<br>TPR:  3.66%
India,tt,2020-05-03,42779,1107233,2952,60783,0.0485662109471398,Date: May 03<br>TPR:  4.86%
India,tt,2020-05-04,46435,1191946,3656,84713,0.0431574846835787,Date: May 04<br>TPR:  4.32%
India,tt,2020-05-05,49406,1276781,2971,84835,0.0350209229681146,Date: May 05<br>TPR:  3.50%
India,tt,2020-05-06,53008,1357413,3602,80632,0.0446720904851672,Date: May 06<br>TPR:  4.47%
India,tt,2020-05-07,56352,1437788,3344,80375,0.0416049766718507,Date: May 07<br>TPR:  4.16%
India,tt,2020-05-08,59691,1523213,3339,85425,0.0390869183494293,Date: May 08<br>TPR:  3.91%
India,tt,2020-05-09,62866,1609037,3175,85824,0.0369943139448173,Date: May 09<br>TPR:  3.70%
India,tt,2020-05-10,67177,1673688,4311,64651,0.0666811031538569,Date: May 10<br>TPR:  6.67%
India,tt,2020-05-11,70769,1759579,3592,85891,0.0418204468454204,Date: May 11<br>TPR:  4.18%
India,tt,2020-05-12,74331,1854250,3562,94671,0.0376250382905008,Date: May 12<br>TPR:  3.76%
India,tt,2020-05-13,78057,1947041,3726,92791,0.0401547563880118,Date: May 13<br>TPR:  4.02%
India,tt,2020-05-14,82048,2039952,3991,92911,0.042955086050091,Date: May 14<br>TPR:  4.30%
India,tt,2020-05-15,85856,2134277,3808,94325,0.0403710575139147,Date: May 15<br>TPR:  4.04%
India,tt,2020-05-16,90650,2227642,4794,93365,0.0513468644567022,Date: May 16<br>TPR:  5.13%
India,tt,2020-05-17,95699,2302792,5049,75150,0.067185628742515,Date: May 17<br>TPR:  6.72%
India,tt,2020-05-18,100327,2404267,4628,101475,0.0456072924365607,Date: May 18<br>TPR:  4.56%
India,tt,2020-05-19,106481,2512388,6154,108121,0.0569177125627769,Date: May 19<br>TPR:  5.69%
India,tt,2020-05-20,112201,2615920,5720,103532,0.0552486187845304,Date: May 20<br>TPR:  5.52%
India,tt,2020-05-21,118224,2719434,6023,103514,0.0581853662306548,Date: May 21<br>TPR:  5.82%
India,tt,2020-05-22,124760,2834798,6536,115364,0.0566554557747651,Date: May 22<br>TPR:  5.67%
India,tt,2020-05-23,131425,2943421,6665,108623,0.061359012363864,Date: May 23<br>TPR:  6.14%
India,tt,2020-05-24,138536,3033591,7111,90170,0.0788621492735943,Date: May 24<br>TPR:  7.89%
India,tt,2020-05-25,144950,3126119,6414,92528,0.0693195573231887,Date: May 25<br>TPR:  6.93%
India,tt,2020-05-26,150857,3242160,5907,116041,0.0509044217130152,Date: May 26<br>TPR:  5.09%
India,tt,2020-05-27,158103,3362136,7246,119976,0.0603954124158165,Date: May 27<br>TPR:  6.04%
India,tt,2020-05-28,165357,3483838,7254,121702,0.0596046079768615,Date: May 28<br>TPR:  5.96%
India,tt,2020-05-29,173495,3611599,8138,127761,0.0636970593530107,Date: May 29<br>TPR:  6.37%
India,tt,2020-05-30,181859,3737027,8364,125428,0.0666836750964697,Date: May 30<br>TPR:  6.67%
India,tt,2020-05-31,190648,3837207,8789,100180,0.0877320822519465,Date: May 31<br>TPR:  8.77%
India,tt,2020-06-01,198372,3966075,7724,128868,0.0599373001831331,Date: Jun 01<br>TPR:  5.99%
India,tt,2020-06-02,207184,4103233,8812,137158,0.0642470727190539,Date: Jun 02<br>TPR:  6.42%
India,tt,2020-06-03,216872,4242718,9688,139485,0.0694554970068466,Date: Jun 03<br>TPR:  6.95%
India,tt,2020-06-04,226719,4386379,9847,143661,0.0685433068125657,Date: Jun 04<br>TPR:  6.85%
India,tt,2020-06-05,236191,4524317,9472,137938,0.0686685322391219,Date: Jun 05<br>TPR:  6.87%
India,tt,2020-06-06,246599,4666386,10408,142069,0.0732601763931611,Date: Jun 06<br>TPR:  7.33%
India,tt,2020-06-07,257481,4774434,10882,108048,0.100714497260477,Date: Jun 07<br>TPR: 10.07%
India,tt,2020-06-08,266017,4916116,8536,141682,0.0602475967307068,Date: Jun 08<br>TPR:  6.02%
India,tt,2020-06-09,275998,5061332,9981,145216,0.0687320956368444,Date: Jun 09<br>TPR:  6.87%
India,tt,2020-06-10,287154,5213140,11156,151808,0.073487563237774,Date: Jun 10<br>TPR:  7.35%
India,tt,2020-06-11,298289,5363445,11135,150305,0.0740826985130235,Date: Jun 11<br>TPR:  7.41%
India,tt,2020-06-12,309595,5507182,11306,143737,0.0786575481608772,Date: Jun 12<br>TPR:  7.87%
India,tt,2020-06-13,321634,5658614,12039,151432,0.0795010301653548,Date: Jun 13<br>TPR:  7.95%
India,tt,2020-06-14,333038,5774133,11404,115519,0.0987196911330604,Date: Jun 14<br>TPR:  9.87%
India,tt,2020-06-15,343070,5921069,10032,146936,0.0682746229651005,Date: Jun 15<br>TPR:  6.83%
India,tt,2020-06-16,354155,6084256,11085,163187,0.0679282050653545,Date: Jun 16<br>TPR:  6.79%
India,tt,2020-06-17,367263,6249668,13108,165412,0.079244552994946,Date: Jun 17<br>TPR:  7.92%
India,tt,2020-06-18,381092,6426627,13829,176959,0.0781480455924819,Date: Jun 18<br>TPR:  7.81%
India,tt,2020-06-19,395832,6616496,14740,189869,0.0776324729155365,Date: Jun 19<br>TPR:  7.76%
India,tt,2020-06-20,411750,6807226,15918,190730,0.0834582918261417,Date: Jun 20<br>TPR:  8.35%
India,tt,2020-06-21,426901,6950493,15151,143267,0.10575359294185,Date: Jun 21<br>TPR: 10.58%
India,tt,2020-06-22,440461,7137716,13560,187223,0.0724269988195895,Date: Jun 22<br>TPR:  7.24%
India,tt,2020-06-23,456117,7352911,15656,215195,0.0727526197170009,Date: Jun 23<br>TPR:  7.28%
India,tt,2020-06-24,472985,7560782,16868,207871,0.081146480269013,Date: Jun 24<br>TPR:  8.11%
India,tt,2020-06-25,491190,7776228,18205,215446,0.0844991320330849,Date: Jun 25<br>TPR:  8.45%
India,tt,2020-06-26,509445,7996707,18255,220479,0.0827970010749323,Date: Jun 26<br>TPR:  8.28%
India,tt,2020-06-27,529587,8227802,20142,231095,0.0871589606006188,Date: Jun 27<br>TPR:  8.72%
India,tt,2020-06-28,549197,8398362,19610,170560,0.114974202626642,Date: Jun 28<br>TPR: 11.50%
India,tt,2020-06-29,567536,8608654,18339,210292,0.0872073117379644,Date: Jun 29<br>TPR:  8.72%
India,tt,2020-06-30,585791,8826585,18255,217931,0.0837650448995324,Date: Jun 30<br>TPR:  8.38%
India,tt,2020-07-01,605221,9056173,19430,229588,0.0846298587034166,Date: Jul 01<br>TPR:  8.46%
India,tt,2020-07-02,627168,9297749,21947,241576,0.0908492565486638,Date: Jul 02<br>TPR:  9.08%
India,tt,2020-07-03,649886,9540132,22718,242383,0.093727695424184,Date: Jul 03<br>TPR:  9.37%
India,tt,2020-07-04,673904,9789066,24018,248934,0.0964834052399431,Date: Jul 04<br>TPR:  9.65%
India,tt,2020-07-05,697846,9969662,23942,180596,0.132572149992248,Date: Jul 05<br>TPR: 13.26%
India,tt,2020-07-06,720346,10211092,22500,241430,0.0931947148241727,Date: Jul 06<br>TPR:  9.32%
India,tt,2020-07-07,743494,10473771,23148,262679,0.0881227658092196,Date: Jul 07<br>TPR:  8.81%
India,tt,2020-07-08,769055,10740832,25561,267061,0.0957122155612388,Date: Jul 08<br>TPR:  9.57%
India,tt,2020-07-09,794845,11024491,25790,283659,0.090919026013629,Date: Jul 09<br>TPR:  9.09%
India,tt,2020-07-10,822594,11307002,27749,282511,0.0982227240709211,Date: Jul 10<br>TPR:  9.82%
India,tt,2020-07-11,850348,11587153,27754,280151,0.0990680026128766,Date: Jul 11<br>TPR:  9.91%
India,tt,2020-07-12,879454,11806256,29106,219103,0.132841631561412,Date: Jul 12<br>TPR: 13.28%
India,tt,2020-07-13,907632,12092503,28178,286247,0.0984394596275245,Date: Jul 13<br>TPR:  9.84%
India,tt,2020-07-14,937549,12412664,29917,320161,0.0934436111831235,Date: Jul 14<br>TPR:  9.34%
India,tt,2020-07-15,970156,12739490,32607,326826,0.0997686842540067,Date: Jul 15<br>TPR:  9.98%
India,tt,2020-07-16,1005624,13072718,35468,333228,0.106437634292436,Date: Jul 16<br>TPR: 10.64%
India,tt,2020-07-17,1040448,13433742,34824,361024,0.0964589611770963,Date: Jul 17<br>TPR:  9.65%
India,tt,2020-07-18,1077859,13791869,37411,358127,0.104462941917253,Date: Jul 18<br>TPR: 10.45%
India,tt,2020-07-19,1118094,14047908,40235,256039,0.157144028839357,Date: Jul 19<br>TPR: 15.71%
India,tt,2020-07-20,1154900,14381303,36806,333395,0.110397576448357,Date: Jul 20<br>TPR: 11.04%
India,tt,2020-07-21,1194070,14724546,39170,343243,0.114117403705247,Date: Jul 21<br>TPR: 11.41%
India,tt,2020-07-22,1239671,15075369,45601,350823,0.1299829258629,Date: Jul 22<br>TPR: 13.00%
India,tt,2020-07-23,1288114,15428170,48443,352801,0.137309701503114,Date: Jul 23<br>TPR: 13.73%
India,tt,2020-07-24,1337002,15849068,48888,420898,0.116151656695922,Date: Jul 24<br>TPR: 11.62%
India,tt,2020-07-25,1387074,16291331,50072,442263,0.113217700779853,Date: Jul 25<br>TPR: 11.32%
India,tt,2020-07-26,1436006,16806803,48932,515472,0.0949265915510445,Date: Jul 26<br>TPR:  9.49%
India,tt,2020-07-27,1482490,17334885,46484,528082,0.0880242083615802,Date: Jul 27<br>TPR:  8.80%
India,tt,2020-07-28,1532121,17743740,49631,408855,0.121390223918015,Date: Jul 28<br>TPR: 12.14%
India,tt,2020-07-29,1584600,18190382,52479,446642,0.117496787136006,Date: Jul 29<br>TPR: 11.75%
India,tt,2020-07-30,1639568,18832970,54968,642588,0.0855415911906229,Date: Jul 30<br>TPR:  8.55%
India,tt,2020-07-31,1697054,19358659,57486,525689,0.109353629237058,Date: Jul 31<br>TPR: 10.94%
India,tt,2020-08-01,1752171,19821831,55117,463172,0.118998989576227,Date: Aug 01<br>TPR: 11.90%
India,tt,2020-08-02,1804843,20202858,52672,381027,0.138236922842738,Date: Aug 02<br>TPR: 13.82%
India,tt,2020-08-03,1855334,20864750,50491,661892,0.0762828376834892,Date: Aug 03<br>TPR:  7.63%
India,tt,2020-08-04,1906616,21484402,51282,619652,0.0827593552510119,Date: Aug 04<br>TPR:  8.28%
India,tt,2020-08-05,1963242,22149351,56626,664949,0.0851584106450269,Date: Aug 05<br>TPR:  8.52%
India,tt,2020-08-06,2025412,22788393,62170,639042,0.0972862503560016,Date: Aug 06<br>TPR:  9.73%
India,tt,2020-08-07,2086867,23387171,61455,598778,0.102634031310436,Date: Aug 07<br>TPR: 10.26%
India,tt,2020-08-08,2152023,24106535,65156,719364,0.0905744518769357,Date: Aug 08<br>TPR:  9.06%
India,tt,2020-08-09,2214140,24583558,62117,477023,0.130218039801016,Date: Aug 09<br>TPR: 13.02%
India,tt,2020-08-10,2267156,25281848,53016,698290,0.0759226109496055,Date: Aug 10<br>TPR:  7.59%
India,tt,2020-08-11,2328408,26015297,61252,733449,0.0835122823809154,Date: Aug 11<br>TPR:  8.35%
India,tt,2020-08-12,2395474,26845688,67066,830391,0.0807643628122174,Date: Aug 12<br>TPR:  8.08%
India,tt,2020-08-13,2459615,27694416,64141,848728,0.075573092910803,Date: Aug 13<br>TPR:  7.56%
India,tt,2020-08-14,2525225,28563095,65610,868679,0.0755284748451384,Date: Aug 14<br>TPR:  7.55%
India,tt,2020-08-15,2589211,29309703,63986,746608,0.0857022694640293,Date: Aug 15<br>TPR:  8.57%
India,tt,2020-08-16,2647307,30041400,58096,731697,0.079398986192372,Date: Aug 16<br>TPR:  7.94%
India,tt,2020-08-17,2701605,30941264,54298,899864,0.0603402291901888,Date: Aug 17<br>TPR:  6.03%
India,tt,2020-08-18,2766629,31742782,65024,801518,0.0811260632948979,Date: Aug 18<br>TPR:  8.11%
India,tt,2020-08-19,2835825,32661252,69196,918470,0.0753383344039544,Date: Aug 19<br>TPR:  7.53%
India,tt,2020-08-20,2904343,33467237,68518,805985,0.0850115076583311,Date: Aug 20<br>TPR:  8.50%
India,tt,2020-08-21,2973372,34491073,69029,1023836,0.0674219308561137,Date: Aug 21<br>TPR:  6.74%
India,tt,2020-08-22,3043439,35292220,70067,801147,0.0874583565812516,Date: Aug 22<br>TPR:  8.75%
India,tt,2020-08-23,3105188,35902137,61749,609917,0.101241644354888,Date: Aug 23<br>TPR: 10.12%
India,tt,2020-08-24,3164884,36827520,59696,925383,0.0645095057938173,Date: Aug 24<br>TPR:  6.45%
India,tt,2020-08-25,3231757,37651512,66873,823992,0.081157341333411,Date: Aug 25<br>TPR:  8.12%
India,tt,2020-08-26,3307752,38576510,75995,924998,0.0821569343933717,Date: Aug 26<br>TPR:  8.22%
India,tt,2020-08-27,3384579,39477848,76827,901338,0.0852366148991832,Date: Aug 27<br>TPR:  8.52%
India,tt,2020-08-28,3461236,40406609,76657,928761,0.0825368420939294,Date: Aug 28<br>TPR:  8.25%
India,tt,2020-08-29,3539715,41461636,78479,1055027,0.0743857740133665,Date: Aug 29<br>TPR:  7.44%
India,tt,2020-08-30,3619176,42307914,79461,846278,0.0938946776354815,Date: Aug 30<br>TPR:  9.39%
India,tt,2020-08-31,3687942,43324834,68766,1016920,0.0676218384927035,Date: Aug 31<br>TPR:  6.76%
India,tt,2020-09-01,3766110,44337201,78168,1012367,0.0772131055239849,Date: Sep 01<br>TPR:  7.72%
India,tt,2020-09-02,3848975,45509380,82865,1172179,0.0706931279267074,Date: Sep 02<br>TPR:  7.07%
India,tt,2020-09-03,3933134,46679145,84159,1169765,0.0719452197663633,Date: Sep 03<br>TPR:  7.19%
India,tt,2020-09-04,4020241,47738491,87107,1059346,0.0822271476930106,Date: Sep 04<br>TPR:  8.22%
India,tt,2020-09-05,4110847,48831145,90606,1092654,0.0829228648776282,Date: Sep 05<br>TPR:  8.29%
India,tt,2020-09-06,4202572,49551507,91725,720362,0.127331813726987,Date: Sep 06<br>TPR: 12.73%
India,tt,2020-09-07,4277587,50650128,75015,1098621,0.0682810541578943,Date: Sep 07<br>TPR:  6.83%
India,tt,2020-09-08,4367442,51804677,89855,1154549,0.0778269263582576,Date: Sep 08<br>TPR:  7.78%
India,tt,2020-09-09,4462978,52934433,95536,1129756,0.0845633924493431,Date: Sep 09<br>TPR:  8.46%
India,tt,2020-09-10,4559740,54097975,96762,1163542,0.0831615876349973,Date: Sep 10<br>TPR:  8.32%
India,tt,2020-09-11,4657395,55189226,97655,1091251,0.0894890359779739,Date: Sep 11<br>TPR:  8.95%
India,tt,2020-09-12,4751809,56260928,94414,1071702,0.0880972509148999,Date: Sep 12<br>TPR:  8.81%
India,tt,2020-09-13,4845029,57239428,93220,978500,0.0952682677567706,Date: Sep 13<br>TPR:  9.53%
India,tt,2020-09-14,4926938,58312273,81909,1072845,0.0763474686464494,Date: Sep 14<br>TPR:  7.63%
India,tt,2020-09-15,5018035,59429115,91097,1116842,0.0815665958121203,Date: Sep 15<br>TPR:  8.16%
India,tt,2020-09-16,5115895,60565728,97860,1136613,0.0860979066753592,Date: Sep 16<br>TPR:  8.61%
India,tt,2020-09-17,5212682,61572343,96787,1006615,0.0961509613904025,Date: Sep 17<br>TPR:  9.62%
India,tt,2020-09-18,5305655,62454254,92973,881911,0.105422202467142,Date: Sep 18<br>TPR: 10.54%
India,tt,2020-09-19,5398229,63661060,92574,1206806,0.0767099268647985,Date: Sep 19<br>TPR:  7.67%
India,tt,2020-09-20,5485624,64392594,87395,731534,0.119468131351379,Date: Sep 20<br>TPR: 11.95%
India,tt,2020-09-21,5560117,65325779,74493,933185,0.0798266153013604,Date: Sep 21<br>TPR:  7.98%
India,tt,2020-09-22,5643479,66279462,83362,953683,0.0874105966028544,Date: Sep 22<br>TPR:  8.74%
India,tt,2020-09-23,5730182,67436031,86703,1156569,0.0749656959506956,Date: Sep 23<br>TPR:  7.50%
India,tt,2020-09-24,5816103,68928440,85921,1492409,0.0575720194665135,Date: Sep 24<br>TPR:  5.76%
India,tt,2020-09-25,5901820,70269975,85717,1341535,0.0638947176182507,Date: Sep 25<br>TPR:  6.39%
India,tt,2020-09-26,5990579,71257836,88759,987861,0.0898496853302236,Date: Sep 26<br>TPR:  8.98%
India,tt,2020-09-27,6073349,71967230,82770,709394,0.116677051116869,Date: Sep 27<br>TPR: 11.67%
India,tt,2020-09-28,6143018,73110041,69669,1142811,0.0609628363745186,Date: Sep 28<br>TPR:  6.10%
India,tt,2020-09-29,6223518,74196729,80500,1086688,0.0740783003033069,Date: Sep 29<br>TPR:  7.41%
India,tt,2020-09-30,6310266,75619781,86748,1423052,0.0609591216624551,Date: Sep 30<br>TPR:  6.10%
India,tt,2020-10-01,6392051,76717728,81785,1097947,0.0744890236049645,Date: Oct 01<br>TPR:  7.45%
India,tt,2020-10-02,6471936,77850403,79885,1132675,0.0705277330213874,Date: Oct 02<br>TPR:  7.05%
India,tt,2020-10-03,6547415,78992534,75479,1142131,0.0660861144649782,Date: Oct 03<br>TPR:  6.61%
India,tt,2020-10-04,6622185,79982394,74770,989860,0.075535934374558,Date: Oct 04<br>TPR:  7.55%
India,tt,2020-10-05,6682315,81071797,60130,1089403,0.0551953684724569,Date: Oct 05<br>TPR:  5.52%
India,tt,2020-10-06,6754184,82271654,71869,1199857,0.0598979711748983,Date: Oct 06<br>TPR:  5.99%
India,tt,2020-10-07,6832993,83465975,78809,1194321,0.0659864475296005,Date: Oct 07<br>TPR:  6.60%
India,tt,2020-10-08,6903791,84634680,70798,1168705,0.060578161298189,Date: Oct 08<br>TPR:  6.06%
India,tt,2020-10-09,6977096,85798698,73305,1164018,0.0629758302706659,Date: Oct 09<br>TPR:  6.30%
India,tt,2020-10-10,7051514,86877242,74418,1078544,0.0689985758578231,Date: Oct 10<br>TPR:  6.90%
India,tt,2020-10-11,7119303,87872093,67789,994851,0.0681398520984549,Date: Oct 11<br>TPR:  6.81%
India,tt,2020-10-12,7173565,88945107,54262,1073014,0.050569703657175,Date: Oct 12<br>TPR:  5.06%
India,tt,2020-10-13,7237282,90090122,63717,1145015,0.05564730593049,Date: Oct 13<br>TPR:  5.56%
India,tt,2020-10-14,7305093,91226305,67811,1136183,0.0596831672362639,Date: Oct 14<br>TPR:  5.97%
India,tt,2020-10-15,7368534,92254927,63441,1028622,0.0616757176105508,Date: Oct 15<br>TPR:  6.17%
India,tt,2020-10-16,7430838,93254017,62304,999090,0.0623607482809357,Date: Oct 16<br>TPR:  6.24%
India,tt,2020-10-17,7492731,94224190,61893,970173,0.0637958384741691,Date: Oct 17<br>TPR:  6.38%
India,tt,2020-10-18,7549250,95083976,56519,859786,0.0657361250357647,Date: Oct 18<br>TPR:  6.57%
India,tt,2020-10-19,7594756,96116771,45506,1032795,0.0440610188856453,Date: Oct 19<br>TPR:  4.41%
India,tt,2020-10-20,7649104,97200379,54348,1083608,0.0501546684778998,Date: Oct 20<br>TPR:  5.02%
India,tt,2020-10-21,7705368,98670363,56264,1469984,0.0382752465332956,Date: Oct 21<br>TPR:  3.83%
India,tt,2020-10-22,7759739,100113085,54371,1442722,0.0376864011223229,Date: Oct 22<br>TPR:  3.77%
India,tt,2020-10-23,7813670,101382564,53931,1269479,0.0424827823067573,Date: Oct 23<br>TPR:  4.25%
India,tt,2020-10-24,7864036,102523469,50366,1140905,0.044145656299166,Date: Oct 24<br>TPR:  4.41%
India,tt,2020-10-25,7909958,103462778,45922,939309,0.0488891302010308,Date: Oct 25<br>TPR:  4.89%
India,tt,2020-10-26,7946062,104420894,36104,958116,0.0376822848172873,Date: Oct 26<br>TPR:  3.77%
India,tt,2020-10-27,7989098,105487680,43036,1066786,0.0403417367681991,Date: Oct 27<br>TPR:  4.03%
India,tt,2020-10-28,8039286,106563440,50188,1075760,0.0466535286681044,Date: Oct 28<br>TPR:  4.67%
India,tt,2020-10-29,8088051,107728088,48765,1164648,0.0418710202567643,Date: Oct 29<br>TPR:  4.19%
India,tt,2020-10-30,8136168,108796064,48117,1067976,0.0450543832445673,Date: Oct 30<br>TPR:  4.51%
India,tt,2020-10-31,8183396,109887303,47228,1091239,0.0432792449683342,Date: Oct 31<br>TPR:  4.33%
India,tt,2020-11-01,8229324,110743103,45928,855800,0.0536667445664875,Date: Nov 01<br>TPR:  5.37%
India,tt,2020-11-02,8266916,111789350,37592,1046247,0.0359303300272307,Date: Nov 02<br>TPR:  3.59%
India,tt,2020-11-03,8312943,112998959,46027,1209609,0.0380511388390794,Date: Nov 03<br>TPR:  3.81%
India,tt,2020-11-04,8363408,114208384,50465,1209425,0.0417264402505323,Date: Nov 04<br>TPR:  4.17%
India,tt,2020-11-05,8411036,115429095,47628,1220711,0.039016605896072,Date: Nov 05<br>TPR:  3.90%
India,tt,2020-11-06,8461395,116542304,50359,1113209,0.045237686723697,Date: Nov 06<br>TPR:  4.52%
India,tt,2020-11-07,8507206,117736791,45811,1194487,0.0383520289463175,Date: Nov 07<br>TPR:  3.84%
India,tt,2020-11-08,8553913,118572192,46707,835401,0.0559096769096518,Date: Nov 08<br>TPR:  5.59%
India,tt,2020-11-09,8591032,119615857,37119,1043665,0.0355660101660974,Date: Nov 09<br>TPR:  3.56%
India,tt,2020-11-10,8635756,120769151,44724,1153294,0.0387793572150727,Date: Nov 10<br>TPR:  3.88%
India,tt,2020-11-11,8684041,121962509,48285,1193358,0.0404614541487131,Date: Nov 11<br>TPR:  4.05%
India,tt,2020-11-12,8728625,123101739,44584,1139230,0.039135205358005,Date: Nov 12<br>TPR:  3.91%
India,tt,2020-11-13,8773245,124031230,44620,929491,0.0480047682010907,Date: Nov 13<br>TPR:  4.80%
India,tt,2020-11-14,8814937,124836819,41692,805589,0.0517534375469377,Date: Nov 14<br>TPR:  5.18%
India,tt,2020-11-15,8845618,125698525,30681,861706,0.0356049511086148,Date: Nov 15<br>TPR:  3.56%
India,tt,2020-11-16,8874227,126542907,28609,844382,0.0338815844013728,Date: Nov 16<br>TPR:  3.39%
India,tt,2020-11-17,8912775,127480186,38548,937279,0.0411275618039026,Date: Nov 17<br>TPR:  4.11%
India,tt,2020-11-18,8958141,128508389,45366,1028203,0.0441216374587509,Date: Nov 18<br>TPR:  4.41%
India,tt,2020-11-19,9004326,129591786,46185,1083397,0.0426298023716145,Date: Nov 19<br>TPR:  4.26%
India,tt,2020-11-20,9050609,130657808,46283,1066022,0.043416552378844,Date: Nov 20<br>TPR:  4.34%
India,tt,2020-11-21,9095910,131733134,45301,1075326,0.0421276896494644,Date: Nov 21<br>TPR:  4.21%
India,tt,2020-11-22,9140314,132582730,44404,849596,0.0522648411715686,Date: Nov 22<br>TPR:  5.23%
India,tt,2020-11-23,9177755,133682275,37441,1099545,0.0340513576070102,Date: Nov 23<br>TPR:  3.41%
India,tt,2020-11-24,9222000,134841307,44245,1159032,0.038174097005087,Date: Nov 24<br>TPR:  3.82%
India,tt,2020-11-25,9266699,135931545,44699,1090238,0.0409993047389653,Date: Nov 25<br>TPR:  4.10%
India,tt,2020-11-26,9309873,137062749,43174,1131204,0.0381664138387064,Date: Nov 26<br>TPR:  3.82%
India,tt,2020-11-27,9351226,138220354,41353,1157605,0.0357228933876409,Date: Nov 27<br>TPR:  3.57%
India,tt,2020-11-28,9393041,139503803,41815,1283449,0.0325801804356854,Date: Nov 28<br>TPR:  3.26%
India,tt,2020-11-29,9432077,140379976,39036,876173,0.044552845157292,Date: Nov 29<br>TPR:  4.46%
India,tt,2020-11-30,9463256,141349301,31179,969325,0.0321656823046966,Date: Nov 30<br>TPR:  3.22%
India,tt,2020-12-01,9499730,142445952,36474,1096651,0.033259441700231,Date: Dec 01<br>TPR:  3.33%
India,tt,2020-12-02,9535236,143557650,35506,1111698,0.0319385300684179,Date: Dec 02<br>TPR:  3.19%
India,tt,2020-12-03,9571810,144727749,36574,1170099,0.0312571842211642,Date: Dec 03<br>TPR:  3.13%
India,tt,2020-12-04,9608521,145885512,36711,1157763,0.0317085621150443,Date: Dec 04<br>TPR:  3.17%
India,tt,2020-12-05,9644531,146986575,36010,1101063,0.0327047589465816,Date: Dec 05<br>TPR:  3.27%
India,tt,2020-12-06,9677709,147787656,33178,801081,0.0414165359058572,Date: Dec 06<br>TPR:  4.14%
India,tt,2020-12-07,9703936,148814055,26227,1026399,0.0255524411072107,Date: Dec 07<br>TPR:  2.56%
India,tt,2020-12-08,9736019,149836767,32083,1022712,0.0313705129107706,Date: Dec 08<br>TPR:  3.14%
India,tt,2020-12-09,9767656,150759726,31637,922959,0.0342777956550616,Date: Dec 09<br>TPR:  3.43%
India,tt,2020-12-10,9797067,151632223,29411,872497,0.0337089984263556,Date: Dec 10<br>TPR:  3.37%
India,tt,2020-12-11,9827028,152697399,29961,1065176,0.02812774602507,Date: Dec 11<br>TPR:  2.81%
India,tt,2020-12-12,9857382,153711833,30354,1014434,0.0299221043458717,Date: Dec 12<br>TPR:  2.99%
India,tt,2020-12-13,9884718,154566990,27336,855157,0.0319660600334208,Date: Dec 13<br>TPR:  3.20%
India,tt,2020-12-14,9906659,155560655,21941,993665,0.0220808823899403,Date: Dec 14<br>TPR:  2.21%
India,tt,2020-12-15,9932910,156646280,26251,1085625,0.0241805411629246,Date: Dec 15<br>TPR:  2.42%
India,tt,2020-12-16,9951082,157805240,18172,1158960,0.0156795747911921,Date: Dec 16<br>TPR:  1.57%
India,tt,2020-12-17,9977836,158918646,26754,1113406,0.0240289705641967,Date: Dec 17<br>TPR:  2.40%
India,tt,2020-12-18,10004827,160090514,26991,1171868,0.0230324575805466,Date: Dec 18<br>TPR:  2.30%
India,tt,2020-12-19,10031661,161198195,26834,1107681,0.0242253861897062,Date: Dec 19<br>TPR:  2.42%
India,tt,2020-12-20,10056283,162098329,24622,900134,0.0273537051150162,Date: Dec 20<br>TPR:  2.74%
India,tt,2020-12-21,10075430,163170557,19147,1072228,0.0178572094741044,Date: Dec 21<br>TPR:  1.79%
India,tt,2020-12-22,10099310,164268721,23880,1098164,0.0217453859350698,Date: Dec 22<br>TPR:  2.17%
India,tt,2020-12-23,10124026,165308366,24716,1039645,0.0237734996080393,Date: Dec 23<br>TPR:  2.38%
India,tt,2020-12-24,10147470,166305762,23444,997396,0.0235052075604875,Date: Dec 24<br>TPR:  2.35%
India,tt,2020-12-25,10169819,167159289,22349,853527,0.0261842917681573,Date: Dec 25<br>TPR:  2.62%
India,tt,2020-12-26,10188394,168102657,18575,943368,0.0196900891274667,Date: Dec 26<br>TPR:  1.97%
India,tt,2020-12-27,10208727,168818054,20333,715397,0.0284219810818329,Date: Dec 27<br>TPR:  2.84%
India,tt,2020-12-28,10224799,169801749,16072,983695,0.0163383975724183,Date: Dec 28<br>TPR:  1.63%
India,tt,2020-12-29,10245341,170922030,20542,1120281,0.0183364709389876,Date: Dec 29<br>TPR:  1.83%
India,tt,2020-12-30,10267286,172049274,21945,1127244,0.0194678348254681,Date: Dec 30<br>TPR:  1.95%
India,tt,2020-12-31,10286312,173111694,19026,1062420,0.0179081719094144,Date: Dec 31<br>TPR:  1.79%
India,tt,2021-01-01,10306471,173941658,20159,829964,0.0242890053062542,Date: Jan 01<br>TPR:  2.43%
India,tt,2021-01-02,10324615,174899783,18144,958125,0.0189369863013699,Date: Jan 02<br>TPR:  1.89%
India,tt,2021-01-03,10341293,175635761,16678,735978,0.0226610034539076,Date: Jan 03<br>TPR:  2.27%
India,tt,2021-01-04,10357571,176531997,16278,896236,0.0181626268081175,Date: Jan 04<br>TPR:  1.82%
India,tt,2021-01-05,10375480,177463405,17909,931408,0.0192278786525347,Date: Jan 05<br>TPR:  1.92%
India,tt,2021-01-06,10395952,178400995,20472,937590,0.0218347038684286,Date: Jan 06<br>TPR:  2.18%
India,tt,2021-01-07,10414075,179336364,18123,935369,0.0193752412149644,Date: Jan 07<br>TPR:  1.94%
India,tt,2021-01-08,10432528,180253315,18453,916951,0.0201243032615701,Date: Jan 08<br>TPR:  2.01%
India,tt,2021-01-09,10451348,181096622,18820,843307,0.0223169023854895,Date: Jan 09<br>TPR:  2.23%
India,tt,2021-01-10,10467434,181755831,16086,659209,0.0244019726672421,Date: Jan 10<br>TPR:  2.44%
India,tt,2021-01-11,10479915,182652887,12481,897056,0.0139132896942889,Date: Jan 11<br>TPR:  1.39%
India,tt,2021-01-12,10495818,183489114,15903,836227,0.0190175634128054,Date: Jan 12<br>TPR:  1.90%
India,tt,2021-01-13,10512833,184232305,17015,743191,0.0228945183674183,Date: Jan 13<br>TPR:  2.29%
India,tt,2021-01-14,10528510,184962401,15677,730096,0.0214725186824746,Date: Jan 14<br>TPR:  2.15%
India,tt,2021-01-15,10543665,185765491,15155,803090,0.0188708612982356,Date: Jan 15<br>TPR:  1.89%
India,tt,2021-01-16,10558715,186544868,15050,779377,0.0193102952743024,Date: Jan 16<br>TPR:  1.93%
India,tt,2021-01-17,10572677,187093036,13962,548168,0.0254702937785496,Date: Jan 17<br>TPR:  2.55%
India,tt,2021-01-18,10582664,187802827,9987,709791,0.0140703390152876,Date: Jan 18<br>TPR:  1.41%
India,tt,2021-01-19,10596451,188566947,13787,764120,0.0180429775427943,Date: Jan 19<br>TPR:  1.80%
India,tt,2021-01-20,10611730,189347782,15279,780835,0.0195675142635768,Date: Jan 20<br>TPR:  1.96%
India,tt,2021-01-21,10626225,190148024,14495,800242,0.0181132707356025,Date: Jan 21<br>TPR:  1.81%
India,tt,2021-01-22,10640548,190985119,14323,837095,0.0171103638177268,Date: Jan 22<br>TPR:  1.71%
India,tt,2021-01-23,10655444,191766871,14896,781752,0.0190546362529293,Date: Jan 23<br>TPR:  1.91%
India,tt,2021-01-24,10668676,192337117,13232,570246,0.0232040207208819,Date: Jan 24<br>TPR:  2.32%
India,tt,2021-01-25,10677774,193062694,9098,725577,0.0125389862137306,Date: Jan 25<br>TPR:  1.25%
India,tt,2021-01-26,10690507,193613120,12733,550426,0.0231329915374637,Date: Jan 26<br>TPR:  2.31%
India,tt,2021-01-27,10702063,194338773,11556,725653,0.0159249668918891,Date: Jan 27<br>TPR:  1.59%
India,tt,2021-01-28,10720975,195081079,18912,742306,0.025477363782591,Date: Jan 28<br>TPR:  2.55%
India,tt,2021-01-29,10734029,195837408,13054,756329,0.0172596846081533,Date: Jan 29<br>TPR:  1.73%
India,tt,2021-01-30,10747102,196588372,13073,750964,0.0174082912096985,Date: Jan 30<br>TPR:  1.74%
India,tt,2021-01-31,10758629,197092635,11527,504263,0.0228591032853888,Date: Jan 31<br>TPR:  2.29%
India,tt,2021-02-01,10767208,197752057,8579,659422,0.0130098783480078,Date: Feb 01<br>TPR:  1.30%
India,tt,2021-02-02,10778209,198473178,11001,721121,0.0152554148332943,Date: Feb 02<br>TPR:  1.53%
India,tt,2021-02-03,10791134,199216019,12925,742841,0.0173994165642446,Date: Feb 03<br>TPR:  1.74%
India,tt,2021-02-04,10803535,199931795,12401,715776,0.01732525259299,Date: Feb 04<br>TPR:  1.73%
India,tt,2021-02-05,10815246,200672589,11711,740794,0.0158087133535099,Date: Feb 05<br>TPR:  1.58%
India,tt,2021-02-06,10827315,201368378,12069,695789,0.0173457758027218,Date: Feb 06<br>TPR:  1.73%
India,tt,2021-02-07,10839101,201900614,11786,532236,0.0221443119217791,Date: Feb 07<br>TPR:  2.21%
India,tt,2021-02-08,10847816,202587752,8715,687138,0.0126830418343913,Date: Feb 08<br>TPR:  1.27%
India,tt,2021-02-09,10858547,203324655,10731,736903,0.0145622965302082,Date: Feb 09<br>TPR:  1.46%
India,tt,2021-02-10,10871086,204023840,12539,699185,0.0179337371368093,Date: Feb 10<br>TPR:  1.79%
India,tt,2021-02-11,10880439,204789784,9353,765944,0.0122110754833252,Date: Feb 11<br>TPR:  1.22%
India,tt,2021-02-12,10892576,205533398,12137,743614,0.0163216399906403,Date: Feb 12<br>TPR:  1.63%
India,tt,2021-02-13,10904774,206230512,12198,697114,0.0174978554440163,Date: Feb 13<br>TPR:  1.75%
India,tt,2021-02-14,10916480,206716634,11706,486122,0.0240803748853169,Date: Feb 14<br>TPR:  2.41%
India,tt,2021-02-15,10925566,207332298,9086,615664,0.0147580498453702,Date: Feb 15<br>TPR:  1.48%
India,tt,2021-02-16,10937158,207977229,11592,644931,0.0179740158249487,Date: Feb 16<br>TPR:  1.80%
India,tt,2021-02-17,10950020,208703791,12862,726562,0.0177025498168085,Date: Feb 17<br>TPR:  1.77%
India,tt,2021-02-18,10963258,209474862,13238,771071,0.017168328208427,Date: Feb 18<br>TPR:  1.72%
India,tt,2021-02-19,10977174,210261480,13916,786618,0.0176909249470518,Date: Feb 19<br>TPR:  1.77%
India,tt,2021-02-20,10991093,210931530,13919,670050,0.0207730766360719,Date: Feb 20<br>TPR:  2.08%
India,tt,2021-02-21,11005371,211551746,14278,620216,0.023021012034517,Date: Feb 21<br>TPR:  2.30%
India,tt,2021-02-22,11015865,212230431,10494,678685,0.0154622542121898,Date: Feb 22<br>TPR:  1.55%
India,tt,2021-02-23,11029547,213036275,13682,805844,0.0169784722601397,Date: Feb 23<br>TPR:  1.70%
India,tt,2021-02-24,11046477,213829658,16930,793383,0.0213390002054493,Date: Feb 24<br>TPR:  2.13%
India,tt,2021-02-25,11063076,214661465,16599,831807,0.019955350219462,Date: Feb 25<br>TPR:  2.00%
India,tt,2021-02-26,11079638,215435383,16562,773918,0.0214002000211909,Date: Feb 26<br>TPR:  2.14%
India,tt,2021-02-27,11096443,216231106,16805,795723,0.0211191583000617,Date: Feb 27<br>TPR:  2.11%
India,tt,2021-02-28,11112057,216858774,15614,627668,0.0248762084414053,Date: Feb 28<br>TPR:  2.49%
India,tt,2021-03-01,11124327,217618057,12270,759283,0.0161599825098152,Date: Mar 01<br>TPR:  1.62%
India,tt,2021-03-02,11139325,218403277,14998,785220,0.0191003795114745,Date: Mar 02<br>TPR:  1.91%
India,tt,2021-03-03,11156750,219178908,17425,775631,0.0224655796377401,Date: Mar 03<br>TPR:  2.25%
India,tt,2021-03-04,11173574,219940742,16824,761834,0.0220835510098,Date: Mar 04<br>TPR:  2.21%
India,tt,2021-03-05,11191898,220692677,18324,751935,0.0243691276506613,Date: Mar 05<br>TPR:  2.44%
India,tt,2021-03-06,11210622,221430507,18724,737830,0.0253771193906455,Date: Mar 06<br>TPR:  2.54%
India,tt,2021-03-07,11229272,221968271,18650,537764,0.034680640578395,Date: Mar 07<br>TPR:  3.47%
India,tt,2021-03-08,11244625,222716796,15353,748525,0.0205110049764537,Date: Mar 08<br>TPR:  2.05%
India,tt,2021-03-09,11262498,223479877,17873,763081,0.0234221530872869,Date: Mar 09<br>TPR:  2.34%
India,tt,2021-03-10,11285349,224258293,22851,778416,0.0293557686378492,Date: Mar 10<br>TPR:  2.94%
India,tt,2021-03-11,11308647,224998638,23298,740345,0.0314691123732854,Date: Mar 11<br>TPR:  3.15%
India,tt,2021-03-12,11333492,225839273,24845,840635,0.0295550387504684,Date: Mar 12<br>TPR:  2.96%
India,tt,2021-03-13,11358646,226703641,25154,864368,0.0291010310423338,Date: Mar 13<br>TPR:  2.91%
India,tt,2021-03-14,11385159,227407413,26513,703772,0.0376727121851963,Date: Mar 14<br>TPR:  3.77%
India,tt,2021-03-15,11409596,228280763,24437,873350,0.0279807637258831,Date: Mar 15<br>TPR:  2.80%
India,tt,2021-03-16,11438465,229249784,28869,969021,0.0297919240140307,Date: Mar 16<br>TPR:  2.98%
India,tt,2021-03-17,11474303,230313163,35838,1063379,0.0337020008858554,Date: Mar 17<br>TPR:  3.37%
India,tt,2021-03-18,11513990,231370546,39687,1057383,0.0375332306269346,Date: Mar 18<br>TPR:  3.75%
India,tt,2021-03-19,11554896,232431517,40906,1060971,0.0385552479756751,Date: Mar 19<br>TPR:  3.86%
India,tt,2021-03-20,11598711,233565119,43815,1133602,0.0386511315258795,Date: Mar 20<br>TPR:  3.87%
India,tt,2021-03-21,11645720,234445774,47009,880655,0.0533795867848363,Date: Mar 21<br>TPR:  5.34%
India,tt,2021-03-22,11686356,235413233,40636,967459,0.0420028135559233,Date: Mar 22<br>TPR:  4.20%
India,tt,2021-03-23,11733595,236438861,47239,1025628,0.0460586099443463,Date: Mar 23<br>TPR:  4.61%
India,tt,2021-03-24,11787014,237503882,53419,1065021,0.0501576964210095,Date: Mar 24<br>TPR:  5.02%
India,tt,2021-03-25,11846099,238604638,59085,1100756,0.0536767458001592,Date: Mar 25<br>TPR:  5.37%
India,tt,2021-03-26,11908375,239769553,62276,1164915,0.0534596944841469,Date: Mar 26<br>TPR:  5.35%
India,tt,2021-03-27,11971007,240950842,62632,1181289,0.0530200484386124,Date: Mar 27<br>TPR:  5.30%
India,tt,2021-03-28,12039213,241864161,68206,913319,0.0746792741637916,Date: Mar 28<br>TPR:  7.47%
India,tt,2021-03-29,12095365,242650025,56152,785864,0.0714525668563517,Date: Mar 29<br>TPR:  7.15%
India,tt,2021-03-30,12148602,243672940,53237,1022915,0.0520444025163381,Date: Mar 30<br>TPR:  5.20%
India,tt,2021-03-31,12220717,244798621,72115,1125681,0.064063442485038,Date: Mar 31<br>TPR:  6.41%
India,tt,2021-04-01,12302115,245912587,81398,1113966,0.0730704527786306,Date: Apr 01<br>TPR:  7.31%
India,tt,2021-04-02,12391138,246959192,89023,1046605,0.0850588330841148,Date: Apr 02<br>TPR:  8.51%
India,tt,2021-04-03,12484132,248125908,92994,1166716,0.0797057724416225,Date: Apr 03<br>TPR:  7.97%
India,tt,2021-04-04,12587926,249019657,103794,893749,0.116133276792478,Date: Apr 04<br>TPR: 11.61%
India,tt,2021-04-05,12684489,250231269,96563,1211612,0.0796979561113624,Date: Apr 05<br>TPR:  7.97%
India,tt,2021-04-06,12799801,251439598,115312,1208329,0.0954309629248326,Date: Apr 06<br>TPR:  9.54%
India,tt,2021-04-07,12926077,252677379,126276,1237781,0.102018046811189,Date: Apr 07<br>TPR: 10.20%
India,tt,2021-04-08,13057955,254041584,131878,1364205,0.0966702218508215,Date: Apr 08<br>TPR:  9.67%
India,tt,2021-04-09,13202952,255214803,144997,1173219,0.123589031544835,Date: Apr 09<br>TPR: 12.36%
India,tt,2021-04-10,13355517,256626850,152565,1412047,0.108045270447797,Date: Apr 10<br>TPR: 10.80%
India,tt,2021-04-11,13525432,257806986,169915,1180136,0.143979168502613,Date: Apr 11<br>TPR: 14.40%
India,tt,2021-04-12,13686286,259207108,160854,1400122,0.114885702817326,Date: Apr 12<br>TPR: 11.49%
India,tt,2021-04-13,13871592,260618866,185306,1411758,0.131259040147107,Date: Apr 13<br>TPR: 13.13%
India,tt,2021-04-14,14071176,262003415,199584,1384549,0.144150911235355,Date: Apr 14<br>TPR: 14.42%
India,tt,2021-04-15,14288014,263476625,216838,1473210,0.147187434242233,Date: Apr 15<br>TPR: 14.72%
India,tt,2021-04-16,14522016,264972022,234002,1495397,0.156481522966811,Date: Apr 16<br>TPR: 15.65%
India,tt,2021-04-17,14782911,266538416,260895,1566394,0.166557711533624,Date: Apr 17<br>TPR: 16.66%
India,tt,2021-04-18,15057994,267894549,275083,1356133,0.202843673887443,Date: Apr 18<br>TPR: 20.28%
India,tt,2021-04-19,15315011,269414035,257017,1519486,0.169147330083989,Date: Apr 19<br>TPR: 16.91%
India,tt,2021-04-20,15609389,271053392,294378,1639357,0.179569184747435,Date: Apr 20<br>TPR: 17.96%
India,tt,2021-04-21,15925141,272705103,315752,1651711,0.191166614498541,Date: Apr 21<br>TPR: 19.12%
India,tt,2021-04-22,16257672,274445653,332531,1740550,0.191049380942805,Date: Apr 22<br>TPR: 19.10%
India,tt,2021-04-23,16602968,276199222,345296,1753569,0.19691041527308,Date: Apr 23<br>TPR: 19.69%
India,tt,2021-04-24,16951964,277918810,348996,1719588,0.202953265549655,Date: Apr 24<br>TPR: 20.30%
India,tt,2021-04-25,17306622,279321177,354658,1402367,0.252899561954895,Date: Apr 25<br>TPR: 25.29%
India,tt,2021-04-26,17626093,280979877,319471,1658700,0.192603243503949,Date: Apr 26<br>TPR: 19.26%
India,tt,2021-04-27,17989006,282703789,362913,1723912,0.210517126164213,Date: Apr 27<br>TPR: 21.05%
India,tt,2021-04-28,18368409,284471979,379403,1768190,0.214571397870138,Date: Apr 28<br>TPR: 21.46%
India,tt,2021-04-29,18755182,286392086,386773,1920107,0.201433045137589,Date: Apr 29<br>TPR: 20.14%
India,tt,2021-04-30,19157196,288337385,402014,1945299,0.206659233362069,Date: Apr 30<br>TPR: 20.67%
India,tt,2021-05-01,19549772,290142339,392576,1804954,0.217499171724044,Date: May 01<br>TPR: 21.75%
India,tt,2021-05-02,19919862,291647037,370090,1504698,0.245956331436607,Date: May 02<br>TPR: 24.60%
India,tt,2021-05-03,20275631,293310779,355769,1663742,0.213836640536814,Date: May 03<br>TPR: 21.38%
India,tt,2021-05-04,20658478,294852078,382847,1541299,0.248392427426476,Date: May 04<br>TPR: 24.84%
India,tt,2021-05-05,21071102,296775209,412624,1923131,0.214558446616481,Date: May 05<br>TPR: 21.46%
India,tt,2021-05-06,21485382,298601699,414280,1826490,0.2268175571725,Date: May 06<br>TPR: 22.68%
India,tt,2021-05-07,21892283,300410043,406901,1808344,0.225013050614264,Date: May 07<br>TPR: 22.50%
India,tt,2021-05-08,22296091,302275471,403808,1865428,0.216469357166291,Date: May 08<br>TPR: 21.65%
India,tt,2021-05-09,22662546,303750077,366455,1474606,0.248510449570936,Date: May 09<br>TPR: 24.85%
India,tt,2021-05-10,22992037,305600187,329491,1850110,0.178092653950306,Date: May 10<br>TPR: 17.81%
India,tt,2021-05-11,23340592,307583991,348555,1983804,0.175700321201086,Date: May 11<br>TPR: 17.57%
India,tt,2021-05-12,23703224,309448585,362632,1864594,0.194483088543672,Date: May 12<br>TPR: 19.45%
India,tt,2021-05-13,24046229,311324100,343005,1875515,0.182885767375894,Date: May 13<br>TPR: 18.29%
India,tt,2021-05-14,24372485,313017193,326256,1693093,0.192698215632573,Date: May 14<br>TPR: 19.27%
India,tt,2021-05-15,24683242,314850143,310757,1832950,0.169539267301345,Date: May 15<br>TPR: 16.95%
India,tt,2021-05-16,24965079,316423658,281837,1573515,0.179113004960232,Date: May 16<br>TPR: 17.91%
India,tt,2021-05-17,25228100,318292881,263021,1869223,0.140711407895152,Date: May 17<br>TPR: 14.07%
India,tt,2021-05-18,25495346,320301177,267246,2008296,0.133071021403219,Date: May 18<br>TPR: 13.31%
India,tt,2021-05-19,25771533,322356187,276187,2055010,0.134396912910399,Date: May 19<br>TPR: 13.44%
India,tt,2021-05-20,26030775,324417870,259242,2061683,0.125742900339189,Date: May 20<br>TPR: 12.57%
India,tt,2021-05-21,26288074,326484155,257299,2066285,0.124522512625315,Date: May 21<br>TPR: 12.45%
India,tt,2021-05-22,26528971,328607937,240897,2123782,0.11342830855521,Date: May 22<br>TPR: 11.34%
India,tt,2021-05-23,26751805,330536064,222834,1928127,0.115570188063338,Date: May 23<br>TPR: 11.56%
India,tt,2021-05-24,26947662,332594176,195857,2058112,0.0951634313390136,Date: May 24<br>TPR:  9.52%
India,tt,2021-05-25,27156654,334811496,208992,2217320,0.0942543250410405,Date: May 25<br>TPR:  9.43%
India,tt,2021-05-26,27368164,336969353,211510,2157857,0.098018543397454,Date: May 26<br>TPR:  9.80%
India,tt,2021-05-27,27554239,339039861,186075,2070508,0.0898692494788719,Date: May 27<br>TPR:  8.99%
India,tt,2021-05-28,27728322,341119909,174083,2080048,0.0836918186503388,Date: May 28<br>TPR:  8.37%
India,tt,2021-05-29,27893604,343183748,165282,2063839,0.0800847352918517,Date: May 29<br>TPR:  8.01%
India,tt,2021-05-30,28047000,344866883,153396,1683135,0.0911370745662113,Date: May 30<br>TPR:  9.11%
India,tt,2021-05-31,28173883,346792257,126883,1925374,0.0659004432385604,Date: May 31<br>TPR:  6.59%
India,tt,2021-06-01,28307035,350057330,133152,3265073,0.0407807114879208,Date: Jun 01<br>TPR:  4.08%
India,tt,2021-06-02,28441079,353782648,134044,3725318,0.0359818946999961,Date: Jun 02<br>TPR:  3.60%
India,tt,2021-06-03,28573503,357433846,132424,3651198,0.0362686438807208,Date: Jun 03<br>TPR:  3.63%
India,tt,2021-06-04,28693957,361174142,120454,3740296,0.0322044030739813,Date: Jun 04<br>TPR:  3.22%
India,tt,2021-06-05,28808445,364746522,114488,3572380,0.0320481023855245,Date: Jun 05<br>TPR:  3.20%
India,tt,2021-06-06,28909654,366334111,101209,1587589,0.0637501267645468,Date: Jun 06<br>TPR:  6.38%
India,tt,2021-06-07,28995458,368207596,85804,1873485,0.0457991390376758,Date: Jun 07<br>TPR:  4.58%
India,tt,2021-06-08,29088245,370193563,92787,1985967,0.0467213201427818,Date: Jun 08<br>TPR:  4.67%
India,tt,2021-06-09,29182128,372198253,93883,2004690,0.0468316797110775,Date: Jun 09<br>TPR:  4.68%
India,tt,2021-06-10,29273977,374242384,91849,2044131,0.0449330302216443,Date: Jun 10<br>TPR:  4.49%
India,tt,2021-06-11,29358551,376232162,84574,1989778,0.0425042391663794,Date: Jun 11<br>TPR:  4.25%
India,tt,2021-06-12,29439076,378132474,80525,1900312,0.0423746205886191,Date: Jun 12<br>TPR:  4.24%
India,tt,2021-06-13,29510077,379624626,71001,1492152,0.0475829540154086,Date: Jun 13<br>TPR:  4.76%
India,tt,2021-06-14,29570085,381375984,60008,1751358,0.0342636970853475,Date: Jun 14<br>TPR:  3.43%
India,tt,2021-06-15,29632302,383306971,62217,1930987,0.0322203101315545,Date: Jun 15<br>TPR:  3.22%
India,tt,2021-06-16,29699591,385238220,67289,1931249,0.0348422186885275,Date: Jun 16<br>TPR:  3.48%
India,tt,2021-06-17,29762027,387167696,62436,1929476,0.0323590446318068,Date: Jun 17<br>TPR:  3.24%
India,tt,2021-06-18,29822792,389207637,60765,2039941,0.0297876262107581,Date: Jun 18<br>TPR:  2.98%
India,tt,2021-06-19,29881407,391019083,58615,1811446,0.0323581271536662,Date: Jun 19<br>TPR:  3.24%
India,tt,2021-06-20,29934385,392407782,52978,1388699,0.038149375782657,Date: Jun 20<br>TPR:  3.81%
India,tt,2021-06-21,29977068,394072142,42683,1664360,0.0256452930856305,Date: Jun 21<br>TPR:  2.56%
India,tt,2021-06-22,30027885,395973198,50817,1901056,0.0267309327026663,Date: Jun 22<br>TPR:  2.67%
India,tt,2021-06-23,30082194,397832667,54309,1859469,0.0292067251457271,Date: Jun 23<br>TPR:  2.92%
India,tt,2021-06-24,30133853,399568448,51659,1735781,0.0297612429217741,Date: Jun 24<br>TPR:  2.98%
India,tt,2021-06-25,30182621,401811892,48768,2243444,0.0217380063866092,Date: Jun 25<br>TPR:  2.17%
India,tt,2021-06-26,30232465,404265101,49844,2453209,0.020317877522869,Date: Jun 26<br>TPR:  2.03%
India,tt,2021-06-27,30278988,406371279,46523,2106178,0.0220888263005311,Date: Jun 27<br>TPR:  2.21%
India,tt,2021-06-28,30316058,408139287,37070,1768008,0.0209670996963815,Date: Jun 28<br>TPR:  2.10%
India,tt,2021-06-29,30362162,410100044,46104,1960757,0.0235133675412098,Date: Jun 29<br>TPR:  2.35%
India,tt,2021-06-30,30410768,412021494,48606,1921450,0.0252965208566447,Date: Jun 30<br>TPR:  2.53%
India,tt,2021-07-01,30457549,414251520,46781,2230026,0.0209777823218205,Date: Jul 01<br>TPR:  2.10%
India,tt,2021-07-02,30501736,416416463,44187,2164943,0.020410237128645,Date: Jul 02<br>TPR:  2.04%
India,tt,2021-07-03,30544763,418254953,43027,1838490,0.0234034452186305,Date: Jul 03<br>TPR:  2.34%
India,tt,2021-07-04,30584913,419777457,40150,1522504,0.026371030880707,Date: Jul 04<br>TPR:  2.64%
India,tt,2021-07-05,30618939,421424881,34026,1647424,0.0206540635561944,Date: Jul 05<br>TPR:  2.07%
India,tt,2021-07-06,30662903,423332097,43964,1907216,0.0230514005754985,Date: Jul 06<br>TPR:  2.31%
India,tt,2021-07-07,30708604,425225897,45701,1893800,0.0241319041081424,Date: Jul 07<br>TPR:  2.41%
India,tt,2021-07-08,30752108,427016605,43504,1790708,0.0242943014718201,Date: Jul 08<br>TPR:  2.43%
India,tt,2021-07-09,30794768,429041970,42660,2025365,0.0210628701493311,Date: Jul 09<br>TPR:  2.11%
India,tt,2021-07-10,30836262,430885470,41494,1843500,0.0225082723081096,Date: Jul 10<br>TPR:  2.25%
India,tt,2021-07-11,30873916,432317813,37654,1432343,0.0262883960057053,Date: Jul 11<br>TPR:  2.63%
India,tt,2021-07-12,30904734,434058138,30818,1740325,0.0177081866892678,Date: Jul 12<br>TPR:  1.77%
India,tt,2021-07-13,30945048,435973639,40314,1915501,0.0210461910487126,Date: Jul 13<br>TPR:  2.10%
India,tt,2021-07-14,30986807,438011958,41759,2038319,0.020486979712204,Date: Jul 14<br>TPR:  2.05%
India,tt,2021-07-15,31025878,440023239,39071,2011281,0.0194259280528181,Date: Jul 15<br>TPR:  1.94%
India,tt,2021-07-16,31063995,442021954,38117,1998715,0.019070752958776,Date: Jul 16<br>TPR:  1.91%
India,tt,2021-07-17,31105278,443958663,41283,1936709,0.0213160572910024,Date: Jul 17<br>TPR:  2.13%
India,tt,2021-07-18,31143608,445422256,38330,1463593,0.0261889746671377,Date: Jul 18<br>TPR:  2.62%
India,tt,2021-07-19,31173028,447341133,29420,1918877,0.0153318842218652,Date: Jul 19<br>TPR:  1.53%
India,tt,2021-07-20,31215156,449193273,42128,1852140,0.0227455807876294,Date: Jul 20<br>TPR:  2.27%
India,tt,2021-07-21,31256843,450911712,41687,1718439,0.0242586440368264,Date: Jul 21<br>TPR:  2.43%
India,tt,2021-07-22,31291706,452939545,34863,2027833,0.0171922441345022,Date: Jul 22<br>TPR:  1.72%
India,tt,2021-07-23,31331207,454570811,39501,1631266,0.0242149349033205,Date: Jul 23<br>TPR:  2.42%
India,tt,2021-07-24,31371493,456289567,40286,1718756,0.0234390454491504,Date: Jul 24<br>TPR:  2.34%
India,tt,2021-07-25,31409672,457444011,38179,1154444,0.0330713313075385,Date: Jul 25<br>TPR:  3.31%
India,tt,2021-07-26,31440492,459164121,30820,1720110,0.0179174587671719,Date: Jul 26<br>TPR:  1.79%
India,tt,2021-07-27,31483463,460900978,42971,1736857,0.0247406666179196,Date: Jul 27<br>TPR:  2.47%
India,tt,2021-07-28,31526628,462629773,43165,1728795,0.0249682582376742,Date: Jul 28<br>TPR:  2.50%
India,tt,2021-07-29,31571299,464650723,44671,2020950,0.0221039610084366,Date: Jul 29<br>TPR:  2.21%
India,tt,2021-07-30,31612798,466427038,41499,1776315,0.0233624103832935,Date: Jul 30<br>TPR:  2.34%
India,tt,2021-07-31,31654741,468216510,41943,1789472,0.0234387573541246,Date: Jul 31<br>TPR:  2.34%
India,tt,2021-08-01,31695370,469645494,40629,1428984,0.0284320888127509,Date: Aug 01<br>TPR:  2.84%
India,tt,2021-08-02,31725455,471294789,30085,1649295,0.0182411272695303,Date: Aug 02<br>TPR:  1.82%
India,tt,2021-08-03,31767985,473142307,42530,1847518,0.0230200734174173,Date: Aug 03<br>TPR:  2.30%
India,tt,2021-08-04,31810782,474893363,42797,1751056,0.0244406803665902,Date: Aug 04<br>TPR:  2.44%
India,tt,2021-08-05,31855787,476533650,45005,1640287,0.0274372716481933,Date: Aug 05<br>TPR:  2.74%
India,tt,2021-08-06,31894492,478316964,38705,1783314,0.0217039736131719,Date: Aug 06<br>TPR:  2.17%
India,tt,2021-08-07,31933560,480039185,39068,1722221,0.0226846612600822,Date: Aug 07<br>TPR:  2.27%
India,tt,2021-08-08,31969596,481767232,36036,1728047,0.02085359946807,Date: Aug 08<br>TPR:  2.09%
India,tt,2021-08-09,31997024,483278545,27428,1511313,0.0181484576656192,Date: Aug 09<br>TPR:  1.81%
India,tt,2021-08-10,32035404,485056507,38380,1777962,0.0215865130975803,Date: Aug 10<br>TPR:  2.16%
India,tt,2021-08-11,32076990,487370196,41586,2313689,0.0179738936391192,Date: Aug 11<br>TPR:  1.80%
India,tt,2021-08-12,32117071,489470779,40081,2100583,0.0190808932567768,Date: Aug 12<br>TPR:  1.91%
India,tt,2021-08-13,32155832,491700577,38761,2229798,0.0173831889704807,Date: Aug 13<br>TPR:  1.74%
India,tt,2021-08-14,32191967,493624440,36135,1923863,0.0187825224561208,Date: Aug 14<br>TPR:  1.88%
India,tt,2021-08-15,32225212,494805652,33245,1181212,0.0281448207434398,Date: Aug 15<br>TPR:  2.81%
India,tt,2021-08-16,32249908,496629524,24696,1823872,0.0135404238893957,Date: Aug 16<br>TPR:  1.35%
India,tt,2021-08-17,32285116,498427083,35208,1797559,0.0195865615537515,Date: Aug 17<br>TPR:  1.96%
India,tt,2021-08-18,32321618,500300840,36502,1873757,0.0194806477040513,Date: Aug 18<br>TPR:  1.95%
India,tt,2021-08-19,32358218,502699702,36600,2398862,0.0152572344720121,Date: Aug 19<br>TPR:  1.53%
India,tt,2021-08-20,32392526,504576158,34308,1876456,0.0182834023286451,Date: Aug 20<br>TPR:  1.83%
India,tt,2021-08-21,32423549,506256239,31023,1680081,0.018465181143052,Date: Aug 21<br>TPR:  1.85%
India,tt,2021-08-22,32448969,507551399,25420,1295160,0.0196269186818617,Date: Aug 22<br>TPR:  1.96%
India,tt,2021-08-23,32473763,509391792,24794,1840393,0.0134721225303509,Date: Aug 23<br>TPR:  1.35%
India,tt,2021-08-24,32511502,511184547,37739,1792755,0.0210508407451102,Date: Aug 24<br>TPR:  2.11%
India,tt,2021-08-25,32557631,513129378,46129,1944831,0.0237187704227257,Date: Aug 25<br>TPR:  2.37%
India,tt,2021-08-26,32602181,514954309,44550,1824931,0.02441188187389,Date: Aug 26<br>TPR:  2.44%
India,tt,2021-08-27,32648987,516887602,46806,1933293,0.0242105050812267,Date: Aug 27<br>TPR:  2.42%
India,tt,2021-08-28,32694051,518642929,45064,1755327,0.0256727094153967,Date: Aug 28<br>TPR:  2.57%
India,tt,2021-08-29,32737425,520146525,43374,1503596,0.0288468444981232,Date: Aug 29<br>TPR:  2.88%
India,tt,2021-08-30,32767673,521541098,30248,1394573,0.0216897932198601,Date: Aug 30<br>TPR:  2.17%
India,tt,2021-08-31,32810746,523184293,43073,1643195,0.0262129570744799,Date: Aug 31<br>TPR:  2.62%
India,tt,2021-09-01,32856721,524868734,45975,1684441,0.0272939212474643,Date: Sep 01<br>TPR:  2.73%
India,tt,2021-09-02,32902345,526535068,45624,1666334,0.0273798650210582,Date: Sep 02<br>TPR:  2.74%
India,tt,2021-09-03,32945012,528240038,42667,1704970,0.0250250737549634,Date: Sep 03<br>TPR:  2.50%
India,tt,2021-09-04,32987619,530058218,42607,1818180,0.0234338734338734,Date: Sep 04<br>TPR:  2.34%
India,tt,2021-09-05,33027156,531468867,39537,1410649,0.0280275249193811,Date: Sep 05<br>TPR:  2.80%
India,tt,2021-09-06,33057320,533189348,30164,1720481,0.0175323063724621,Date: Sep 06<br>TPR:  1.75%
India,tt,2021-09-07,33095455,534943093,38135,1753745,0.0217448944972046,Date: Sep 07<br>TPR:  2.17%
India,tt,2021-09-08,33138855,536817243,43400,1874150,0.0231571645812769,Date: Sep 08<br>TPR:  2.32%
India,tt,2021-09-09,33163006,538604854,24151,1787611,0.0135102099953513,Date: Sep 09<br>TPR:  1.35%
India,tt,2021-09-10,33200881,540196989,37875,1592135,0.0237888118783897,Date: Sep 10<br>TPR:  2.38%
India,tt,2021-09-11,33232169,541805829,31288,1608840,0.0194475522736879,Date: Sep 11<br>TPR:  1.94%
India,tt,2021-09-12,33263610,543014076,31441,1208247,0.0260219971578659,Date: Sep 12<br>TPR:  2.60%
India,tt,2021-09-13,33288024,544444967,24414,1430891,0.0170620962742795,Date: Sep 13<br>TPR:  1.71%
India,tt,2021-09-14,33315526,546055796,27502,1610829,0.0170731964721271,Date: Sep 14<br>TPR:  1.71%
India,tt,2021-09-15,33345881,547701729,30355,1645933,0.0184424274864165,Date: Sep 15<br>TPR:  1.84%
India,tt,2021-09-16,33380534,549229149,34653,1527420,0.0226872765840437,Date: Sep 16<br>TPR:  2.27%
India,tt,2021-09-17,33415888,550780273,35354,1551124,0.0227925040164423,Date: Sep 17<br>TPR:  2.28%
India,tt,2021-09-18,33447018,552340168,31130,1559895,0.0199564714291667,Date: Sep 18<br>TPR:  2.00%
India,tt,2021-09-19,33477846,553621766,30828,1281598,0.0240543446540959,Date: Sep 19<br>TPR:  2.41%
India,tt,2021-09-20,33502753,555035717,24907,1413951,0.0176151790267131,Date: Sep 20<br>TPR:  1.76%
India,tt,2021-09-21,33530091,556754282,27338,1718565,0.0159074576754443,Date: Sep 21<br>TPR:  1.59%
India,tt,2021-09-22,33562101,558367013,32010,1612731,0.0198483194035459,Date: Sep 22<br>TPR:  1.98%
India,tt,2021-09-23,33593512,559932709,31411,1565696,0.0200620043737737,Date: Sep 23<br>TPR:  2.01%
India,tt,2021-09-24,33623077,561661383,29565,1728674,0.0171027041535882,Date: Sep 24<br>TPR:  1.71%
India,tt,2021-09-25,33651246,563243245,28169,1581862,0.0178074952176612,Date: Sep 25<br>TPR:  1.78%
India,tt,2021-09-26,33678245,564408251,26999,1165006,0.0231749879399763,Date: Sep 26<br>TPR:  2.32%
India,tt,2021-09-27,33693152,565730031,14907,1321780,0.0112779736416045,Date: Sep 27<br>TPR:  1.13%
India,tt,2021-09-28,33715050,567450185,21898,1720154,0.0127302555468871,Date: Sep 28<br>TPR:  1.27%
India,tt,2021-09-29,33738216,568956439,23166,1506254,0.0153798761696235,Date: Sep 29<br>TPR:  1.54%
India,tt,2021-09-30,33765501,570477338,27285,1520899,0.0179400473009713,Date: Sep 30<br>TPR:  1.79%
India,tt,2021-10-01,33789419,571994990,23918,1517652,0.0157598711694117,Date: Oct 01<br>TPR:  1.58%
India,tt,2021-10-02,33812608,573260724,23189,1265734,0.0183205950065338,Date: Oct 02<br>TPR:  1.83%
India,tt,2021-10-03,33834252,574252400,21644,991676,0.0218256769348053,Date: Oct 03<br>TPR:  2.18%
India,tt,2021-10-04,33851353,575394042,17101,1141642,0.0149793017425778,Date: Oct 04<br>TPR:  1.50%
India,tt,2021-10-05,33870397,576803867,19044,1409825,0.0135080595109322,Date: Oct 05<br>TPR:  1.35%
India,tt,2021-10-06,33893002,578657484,22605,1853617,0.012195075897556,Date: Oct 06<br>TPR:  1.22%
India,tt,2021-10-07,33914476,580043190,21474,1385706,0.0154967936921685,Date: Oct 07<br>TPR:  1.55%
India,tt,2021-10-08,33934344,581312481,19868,1269291,0.0156528329595026,Date: Oct 08<br>TPR:  1.57%
India,tt,2021-10-09,33952275,582595693,17931,1283212,0.0139735289258517,Date: Oct 09<br>TPR:  1.40%
India,tt,2021-10-10,33971295,583631490,19020,1035797,0.0183626714501007,Date: Oct 10<br>TPR:  1.84%
India,tt,2021-10-11,33984479,585038043,13184,1406553,0.00937326926180528,Date: Oct 11<br>TPR:  0.94%
India,tt,2021-10-12,34000502,586363442,16023,1325399,0.0120891897458803,Date: Oct 12<br>TPR:  1.21%
India,tt,2021-10-13,34019695,587664525,19193,1301083,0.0147515569721532,Date: Oct 13<br>TPR:  1.48%
India,tt,2021-10-14,34036683,588844673,16988,1180148,0.0143948047194081,Date: Oct 14<br>TPR:  1.44%
India,tt,2021-10-15,34052686,589835258,16003,990585,0.0161551002690329,Date: Oct 15<br>TPR:  1.62%
India,tt,2021-10-16,34066764,590935381,14078,1100123,0.012796750908762,Date: Oct 16<br>TPR:  1.28%
India,tt,2021-10-17,34081050,591924874,14286,989493,0.01443769688113,Date: Oct 17<br>TPR:  1.44%
India,tt,2021-10-18,34093389,593106188,12339,1181314,0.010445148368681,Date: Oct 18<br>TPR:  1.04%
India,tt,2021-10-19,34108324,594429890,14935,1323702,0.0112827509514981,Date: Oct 19<br>TPR:  1.13%
India,tt,2021-10-20,34126706,595742218,18382,1312328,0.0140071689394724,Date: Oct 20<br>TPR:  1.40%
India,tt,2021-10-21,34142480,597066481,15774,1324263,0.0119115311686576,Date: Oct 21<br>TPR:  1.19%
India,tt,2021-10-22,34158807,598431162,16327,1364681,0.0119639681361432,Date: Oct 22<br>TPR:  1.20%
India,tt,2021-10-23,34174886,599771320,16079,1340158,0.0119978390607675,Date: Oct 23<br>TPR:  1.20%
India,tt,2021-10-24,34189540,600769717,14654,998397,0.0146775280775082,Date: Oct 24<br>TPR:  1.47%
India,tt,2021-10-25,34201392,601901543,11852,1131826,0.0104715742525795,Date: Oct 25<br>TPR:  1.05%
India,tt,2021-10-26,34214891,603207505,13499,1305962,0.010336441642253,Date: Oct 26<br>TPR:  1.03%
India,tt,2021-10-27,34231242,604498405,16351,1290900,0.0126663568053296,Date: Oct 27<br>TPR:  1.27%
India,tt,2021-10-28,34245549,605885769,14307,1387364,0.0103123621486502,Date: Oct 28<br>TPR:  1.03%
India,tt,2021-10-29,34259764,607062619,14215,1176850,0.0120788545694014,Date: Oct 29<br>TPR:  1.21%
India,tt,2021-10-30,34272704,608319915,12940,1257296,0.0102919280742164,Date: Oct 30<br>TPR:  1.03%
India,tt,2021-10-31,34285611,609201294,12907,881379,0.0146440974881407,Date: Oct 31<br>TPR:  1.46%
India,tt,2021-11-01,34295374,610210339,9763,1009045,0.00967548523604002,Date: Nov 01<br>TPR:  0.97%
India,tt,2021-11-02,34307183,611278853,11809,1068514,0.0110517971687783,Date: Nov 02<br>TPR:  1.11%
India,tt,2021-11-03,34320102,612346767,12919,1067914,0.0120974160840667,Date: Nov 03<br>TPR:  1.21%
India,tt,2021-11-04,34332908,613017614,12806,670847,0.0190893005409579,Date: Nov 04<br>TPR:  1.91%
India,tt,2021-11-05,34344140,613965751,11232,948137,0.011846389287624,Date: Nov 05<br>TPR:  1.18%
India,tt,2021-11-06,34354397,614885747,10257,919996,0.011148961517224,Date: Nov 06<br>TPR:  1.11%
India,tt,2021-11-07,34365942,616071949,11545,1186202,0.00973274366423257,Date: Nov 07<br>TPR:  0.97%
India,tt,2021-11-08,34375663,617223931,9721,1151982,0.0084384999071166,Date: Nov 08<br>TPR:  0.84%
India,tt,2021-11-09,34387014,618502659,11351,1278728,0.00887679006012225,Date: Nov 09<br>TPR:  0.89%
India,tt,2021-11-10,34399964,619902064,12950,1399405,0.00925393292149163,Date: Nov 10<br>TPR:  0.93%
India,tt,2021-11-11,34413494,621067350,13530,1165286,0.0116108835084263,Date: Nov 11<br>TPR:  1.16%
India,tt,2021-11-12,34425359,622333939,11865,1266589,0.00936767964983116,Date: Nov 12<br>TPR:  0.94%
India,tt,2021-11-13,34435895,623751344,10536,1417405,0.00743330240827428,Date: Nov 13<br>TPR:  0.74%
India,tt,2021-11-14,34446358,624666542,10463,915198,0.0114324987598312,Date: Nov 14<br>TPR:  1.14%
India,tt,2021-11-15,34455042,625774159,8684,1107617,0.00784025525068684,Date: Nov 15<br>TPR:  0.78%
India,tt,2021-11-16,34465183,627016336,10141,1242177,0.00816389290737149,Date: Nov 16<br>TPR:  0.82%
India,tt,2021-11-17,34476885,628248841,11702,1232505,0.00949448480939225,Date: Nov 17<br>TPR:  0.95%
India,tt,2021-11-18,34488101,629387540,11216,1138699,0.00984983740215808,Date: Nov 18<br>TPR:  0.98%
India,tt,2021-11-19,34498574,630575279,10473,1187739,0.0088175937642866,Date: Nov 19<br>TPR:  0.88%
India,tt,2021-11-20,34509095,631649378,10521,1074099,0.00979518647722417,Date: Nov 20<br>TPR:  0.98%
India,tt,2021-11-21,34518336,632524259,9241,874881,0.0105625793679369,Date: Nov 21<br>TPR:  1.06%
India,tt,2021-11-22,34525336,633489239,7000,964980,0.00725403635308504,Date: Nov 22<br>TPR:  0.73%
India,tt,2021-11-23,34534513,634774225,9177,1284986,0.00714171204978109,Date: Nov 23<br>TPR:  0.71%
India,tt,2021-11-24,34543411,635924763,8898,1150538,0.00773377324347392,Date: Nov 24<br>TPR:  0.77%
India,tt,2021-11-25,34554108,637106009,10697,1181246,0.00905569204043866,Date: Nov 25<br>TPR:  0.91%
India,tt,2021-11-26,34562445,638247889,8337,1141880,0.00730111745542439,Date: Nov 26<br>TPR:  0.73%
India,tt,2021-11-27,34571187,639427262,8742,1179373,0.00741241320600014,Date: Nov 27<br>TPR:  0.74%
India,tt,2021-11-28,34579877,640291325,8690,864063,0.0100571370374614,Date: Nov 28<br>TPR:  1.01%
India,tt,2021-11-29,34586675,641303848,6798,1012523,0.00671392156030036,Date: Nov 29<br>TPR:  0.67%
India,tt,2021-11-30,34594838,642412315,8163,1108467,0.00736422464538863,Date: Nov 30<br>TPR:  0.74%
India,tt,2021-12-01,34604941,643510926,10103,1098611,0.00919615769366955,Date: Dec 01<br>TPR:  0.92%
India,tt,2021-12-02,34614600,644668082,9659,1157156,0.0083471891430369,Date: Dec 02<br>TPR:  0.83%
India,tt,2021-12-03,34623929,646026786,9329,1358704,0.00686610181467045,Date: Dec 03<br>TPR:  0.69%
India,tt,2021-12-04,34632155,647252850,8226,1226064,0.00670927455663,Date: Dec 04<br>TPR:  0.67%
India,tt,2021-12-05,34640733,648259067,8578,1006217,0.00852500007453661,Date: Dec 05<br>TPR:  0.85%
India,tt,2021-12-06,34647492,649447014,6759,1187947,0.00568964777048134,Date: Dec 06<br>TPR:  0.57%
India,tt,2021-12-07,34656323,650660144,8831,1213130,0.0072795166222911,Date: Dec 07<br>TPR:  0.73%
India,tt,2021-12-08,34664908,651950127,8585,1289983,0.00665512646290688,Date: Dec 08<br>TPR:  0.67%
India,tt,2021-12-09,34674361,653243539,9453,1293412,0.00730857607630051,Date: Dec 09<br>TPR:  0.73%
India,tt,2021-12-10,34682470,654627300,8109,1383761,0.00586011601714458,Date: Dec 10<br>TPR:  0.59%
India,tt,2021-12-11,34690247,655816759,7777,1189459,0.00653826655647652,Date: Dec 11<br>TPR:  0.65%
India,tt,2021-12-12,34697760,656672451,7513,855692,0.00878002832794978,Date: Dec 12<br>TPR:  0.88%
India,tt,2021-12-13,34703301,657662933,5541,990482,0.00559424603374923,Date: Dec 13<br>TPR:  0.56%
India,tt,2021-12-14,34710366,658847816,7065,1184883,0.00596261403024602,Date: Dec 14<br>TPR:  0.60%
India,tt,2021-12-15,34718385,660247762,8019,1399946,0.00572807808301177,Date: Dec 15<br>TPR:  0.57%
India,tt,2021-12-16,34725840,661507694,7455,1259932,0.00591698599606963,Date: Dec 16<br>TPR:  0.59%
India,tt,2021-12-17,34733072,662897388,7232,1389694,0.00520402333175505,Date: Dec 17<br>TPR:  0.52%
India,tt,2021-12-18,34740118,664109365,7046,1211977,0.00581364167801864,Date: Dec 18<br>TPR:  0.58%
India,tt,2021-12-19,34746779,665112580,6661,1003215,0.00663965351395264,Date: Dec 19<br>TPR:  0.66%
India,tt,2021-12-20,34751913,666126659,5134,1014079,0.00506272193783719,Date: Dec 20<br>TPR:  0.51%
India,tt,2021-12-21,34758226,667356171,6313,1229512,0.00513455745043562,Date: Dec 21<br>TPR:  0.51%
India,tt,2021-12-22,34765725,668643929,7499,1287758,0.00582329909812247,Date: Dec 22<br>TPR:  0.58%
India,tt,2021-12-23,34772495,669809816,6770,1165887,0.00580673770271047,Date: Dec 23<br>TPR:  0.58%
India,tt,2021-12-24,34779587,671051627,7092,1241811,0.00571101399488328,Date: Dec 24<br>TPR:  0.57%
India,tt,2021-12-25,34786694,671997082,7107,945455,0.00751701561681942,Date: Dec 25<br>TPR:  0.75%
India,tt,2021-12-26,34793209,672936621,6515,939539,0.00693425179795623,Date: Dec 26<br>TPR:  0.69%
India,tt,2021-12-27,34799479,674078531,6270,1141910,0.00549080050091513,Date: Dec 27<br>TPR:  0.55%
India,tt,2021-12-28,34808663,675246143,9184,1167612,0.00786562659513606,Date: Dec 28<br>TPR:  0.79%
India,tt,2021-12-29,34821822,676445395,13159,1199252,0.0109726729661489,Date: Dec 29<br>TPR:  1.10%
India,tt,2021-12-30,34838559,677878255,16737,1432860,0.011680834135924,Date: Dec 30<br>TPR:  1.17%
India,tt,2021-12-31,34861313,678989110,22754,1110855,0.020483321405584,Date: Dec 31<br>TPR:  2.05%
India,tt,2022-01-01,34889046,680071486,27733,1082376,0.0256223345676549,Date: Jan 01<br>TPR:  2.56%
India,tt,2022-01-02,34922728,680950476,33682,878990,0.0383189797381085,Date: Jan 02<br>TPR:  3.83%
India,tt,2022-01-03,34959912,682428595,37184,1478119,0.0251562966175254,Date: Jan 03<br>TPR:  2.52%
India,tt,2022-01-04,35018014,683817242,58102,1388647,0.041840726981011,Date: Jan 04<br>TPR:  4.18%
India,tt,2022-01-05,35108800,685305751,90786,1488509,0.0609912335095052,Date: Jan 05<br>TPR:  6.10%
India,tt,2022-01-06,35225823,686819128,117023,1513377,0.0773257423629406,Date: Jan 06<br>TPR:  7.73%
India,tt,2022-01-07,35367529,688470959,141706,1651831,0.0857872264172303,Date: Jan 07<br>TPR:  8.58%
India,tt,2022-01-08,35527105,690034525,159576,1563566,0.102059011260158,Date: Jan 08<br>TPR: 10.21%
India,tt,2022-01-09,35707216,691575352,180111,1540827,0.116892422056467,Date: Jan 09<br>TPR: 11.69%
India,tt,2022-01-10,35874283,693155280,167067,1579928,0.105743426282717,Date: Jan 10<br>TPR: 10.57%
India,tt,2022-01-11,36069642,695274380,195359,2119100,0.0921896087961871,Date: Jan 11<br>TPR:  9.22%
India,tt,2022-01-12,36316908,697311627,247266,2037247,0.12137261706607,Date: Jan 12<br>TPR: 12.14%
India,tt,2022-01-13,36581115,699099084,264207,1787457,0.147811667637319,Date: Jan 13<br>TPR: 14.78%
India,tt,2022-01-14,36850162,700712824,269047,1613740,0.166722644292141,Date: Jan 14<br>TPR: 16.67%
India,tt,2022-01-15,37121318,702448838,271156,1736014,0.156194592900748,Date: Jan 15<br>TPR: 15.62%
India,tt,2022-01-16,37380057,703762282,258739,1313444,0.196992791470363,Date: Jan 16<br>TPR: 19.70%
India,tt,2022-01-17,37617023,705411425,236966,1649143,0.14369038949321,Date: Jan 17<br>TPR: 14.37%
India,tt,2022-01-18,37899974,707421650,282951,2010225,0.140755885535201,Date: Jan 18<br>TPR: 14.08%
India,tt,2022-01-19,38217813,709356830,317839,1935180,0.164242602755299,Date: Jan 19<br>TPR: 16.42%
India,tt,2022-01-20,38564876,711538938,347063,2182108,0.15904941460276,Date: Jan 20<br>TPR: 15.90%
India,tt,2022-01-21,38902661,713499892,337785,1960954,0.172255443013962,Date: Jan 21<br>TPR: 17.23%
India,tt,2022-01-22,39236031,715520580,333370,2020688,0.164978462780993,Date: Jan 22<br>TPR: 16.50%
India,tt,2022-01-23,39542884,716995333,306853,1474753,0.208070775241685,Date: Jan 23<br>TPR: 20.81%
India,tt,2022-01-24,39797021,718802433,254137,1807100,0.140632505118698,Date: Jan 24<br>TPR: 14.06%
India,tt,2022-01-25,40083405,720572178,286384,1769745,0.161822183421905,Date: Jan 25<br>TPR: 16.18%
India,tt,2022-01-26,40370011,722166248,286606,1594070,0.179795115647368,Date: Jan 26<br>TPR: 17.98%
India,tt,2022-01-27,40620686,723748555,250675,1582307,0.158423744570428,Date: Jan 27<br>TPR: 15.84%
India,tt,2022-01-28,40856148,725774705,235462,2026150,0.11621153419046,Date: Jan 28<br>TPR: 11.62%
India,tt,2022-01-29,41089268,727390698,233120,1615993,0.144258050622744,Date: Jan 29<br>TPR: 14.43%
India,tt,2022-01-30,41301674,728997813,212406,1607115,0.132166024211086,Date: Jan 30<br>TPR: 13.22%
India,tt,2022-01-31,41467007,730697193,165333,1699380,0.0972901881862797,Date: Jan 31<br>TPR:  9.73%
India,tt,2022-02-01,41628330,732439986,161323,1742793,0.0925657837735176,Date: Feb 01<br>TPR:  9.26%
India,tt,2022-02-02,41801176,734192614,172846,1752628,0.0986210422291553,Date: Feb 02<br>TPR:  9.86%
India,tt,2022-02-03,41950750,735804280,149574,1611666,0.0928070704475989,Date: Feb 03<br>TPR:  9.28%
India,tt,2022-02-04,42078871,737932233,128121,2127953,0.0602085666365752,Date: Feb 04<br>TPR:  6.02%
India,tt,2022-02-05,42186368,740187141,107497,2254908,0.0476724549294251,Date: Feb 05<br>TPR:  4.77%
India,tt,2022-02-06,42271342,741561587,84974,1374446,0.0618241822523402,Date: Feb 06<br>TPR:  6.18%
India,tt,2022-02-07,42337370,742908121,66028,1346534,0.0490355237966513,Date: Feb 07<br>TPR:  4.90%
India,tt,2022-02-08,42409158,744684750,71788,1776629,0.04040686040811,Date: Feb 08<br>TPR:  4.04%
India,tt,2022-02-09,42476232,746196071,67074,1511321,0.044381041486223,Date: Feb 09<br>TPR:  4.44%
India,tt,2022-02-10,42534481,747870047,58249,1673976,0.0347967951750802,Date: Feb 10<br>TPR:  3.48%
India,tt,2022-02-11,42584709,749320579,50228,1450532,0.0346272953647352,Date: Feb 11<br>TPR:  3.46%
