place,abbrev,date,r,lower,upper,text
India,tt,2020-03-15,,,,"Date: Mar 15<br>R:   NA<br>CI: [  NA,   NA]"
India,tt,2020-03-16,,,,"Date: Mar 16<br>R:   NA<br>CI: [  NA,   NA]"
India,tt,2020-03-17,,,,"Date: Mar 17<br>R:   NA<br>CI: [  NA,   NA]"
India,tt,2020-03-18,,,,"Date: Mar 18<br>R:   NA<br>CI: [  NA,   NA]"
India,tt,2020-03-19,,,,"Date: Mar 19<br>R:   NA<br>CI: [  NA,   NA]"
India,tt,2020-03-20,,,,"Date: Mar 20<br>R:   NA<br>CI: [  NA,   NA]"
India,tt,2020-03-21,,,,"Date: Mar 21<br>R:   NA<br>CI: [  NA,   NA]"
India,tt,2020-03-22,,,,"Date: Mar 22<br>R:   NA<br>CI: [  NA,   NA]"
India,tt,2020-03-23,5.25727418674538,4.707713468679,5.83673500341559,"Date: Mar 23<br>R: 5.26<br>CI: [4.71, 5.84]"
India,tt,2020-03-24,3.99736160602743,3.60038301718143,4.41480168871181,"Date: Mar 24<br>R: 4.00<br>CI: [3.60, 4.41]"
India,tt,2020-03-25,3.16526746017913,2.86337338414415,3.48207425114651,"Date: Mar 25<br>R: 3.17<br>CI: [2.86, 3.48]"
India,tt,2020-03-26,2.36930797121224,2.13968097606647,2.61047060569365,"Date: Mar 26<br>R: 2.37<br>CI: [2.14, 2.61]"
India,tt,2020-03-27,2.41426091873478,2.20436231623179,2.63356831048032,"Date: Mar 27<br>R: 2.41<br>CI: [2.20, 2.63]"
India,tt,2020-03-28,2.22485965626586,2.03893668988851,2.41877880735159,"Date: Mar 28<br>R: 2.22<br>CI: [2.04, 2.42]"
India,tt,2020-03-29,2.08223780170593,1.91521448454617,2.25614401601374,"Date: Mar 29<br>R: 2.08<br>CI: [1.92, 2.26]"
India,tt,2020-03-30,2.12421671677792,1.96639465248909,2.28804398132283,"Date: Mar 30<br>R: 2.12<br>CI: [1.97, 2.29]"
India,tt,2020-03-31,2.55243165095916,2.38961858589153,2.72053432848625,"Date: Mar 31<br>R: 2.55<br>CI: [2.39, 2.72]"
India,tt,2020-04-01,2.86692900985915,2.70525894499736,3.03322472018954,"Date: Apr 01<br>R: 2.87<br>CI: [2.71, 3.03]"
India,tt,2020-04-02,3.1546675583074,2.99789805774469,3.31537616368738,"Date: Apr 02<br>R: 3.15<br>CI: [3.00, 3.32]"
India,tt,2020-04-03,3.39601740550935,3.24758171470336,3.54772348805475,"Date: Apr 03<br>R: 3.40<br>CI: [3.25, 3.55]"
India,tt,2020-04-04,3.30991549307145,3.17768180075371,3.44480700703067,"Date: Apr 04<br>R: 3.31<br>CI: [3.18, 3.44]"
India,tt,2020-04-05,2.99563474666363,2.88284380801042,3.11055975641631,"Date: Apr 05<br>R: 3.00<br>CI: [2.88, 3.11]"
India,tt,2020-04-06,2.4749480678407,2.3827860646696,2.5688343022322,"Date: Apr 06<br>R: 2.47<br>CI: [2.38, 2.57]"
India,tt,2020-04-07,2.11076835164715,2.0333843711225,2.18957725677414,"Date: Apr 07<br>R: 2.11<br>CI: [2.03, 2.19]"
India,tt,2020-04-08,1.80526629368405,1.73914082587589,1.8726082819745,"Date: Apr 08<br>R: 1.81<br>CI: [1.74, 1.87]"
India,tt,2020-04-09,1.72025514835966,1.65969112671819,1.78188932188602,"Date: Apr 09<br>R: 1.72<br>CI: [1.66, 1.78]"
India,tt,2020-04-10,1.68343999304325,1.62654787209379,1.74129639610281,"Date: Apr 10<br>R: 1.68<br>CI: [1.63, 1.74]"
India,tt,2020-04-11,1.70777633612699,1.65301841370933,1.76341404845285,"Date: Apr 11<br>R: 1.71<br>CI: [1.65, 1.76]"
India,tt,2020-04-12,1.64515550429985,1.59367430171483,1.69744363845449,"Date: Apr 12<br>R: 1.65<br>CI: [1.59, 1.70]"
India,tt,2020-04-13,1.77716178800722,1.72583870735963,1.82922637409685,"Date: Apr 13<br>R: 1.78<br>CI: [1.73, 1.83]"
India,tt,2020-04-14,1.71309886748499,1.66476439544973,1.7621153664679,"Date: Apr 14<br>R: 1.71<br>CI: [1.66, 1.76]"
India,tt,2020-04-15,1.57347643777271,1.52915068290883,1.61842666377964,"Date: Apr 15<br>R: 1.57<br>CI: [1.53, 1.62]"
India,tt,2020-04-16,1.50932394118996,1.4676922565014,1.55152973831538,"Date: Apr 16<br>R: 1.51<br>CI: [1.47, 1.55]"
India,tt,2020-04-17,1.44724143899597,1.40795930534924,1.48705651969688,"Date: Apr 17<br>R: 1.45<br>CI: [1.41, 1.49]"
India,tt,2020-04-18,1.38794131251468,1.35072578972677,1.42565553589647,"Date: Apr 18<br>R: 1.39<br>CI: [1.35, 1.43]"
India,tt,2020-04-19,1.44427521908844,1.40740861300615,1.48161182435394,"Date: Apr 19<br>R: 1.44<br>CI: [1.41, 1.48]"
India,tt,2020-04-20,1.45019905401279,1.41424838509673,1.48659466763284,"Date: Apr 20<br>R: 1.45<br>CI: [1.41, 1.49]"
India,tt,2020-04-21,1.47687709992039,1.44159173554224,1.51258316004673,"Date: Apr 21<br>R: 1.48<br>CI: [1.44, 1.51]"
India,tt,2020-04-22,1.47190583366335,1.43767306765741,1.50653578076863,"Date: Apr 22<br>R: 1.47<br>CI: [1.44, 1.51]"
India,tt,2020-04-23,1.44574468725697,1.41280367143304,1.47906004093582,"Date: Apr 23<br>R: 1.45<br>CI: [1.41, 1.48]"
India,tt,2020-04-24,1.33074130116749,1.30005987885083,1.36177557982521,"Date: Apr 24<br>R: 1.33<br>CI: [1.30, 1.36]"
India,tt,2020-04-25,1.36419889732404,1.33397445712128,1.39475721168529,"Date: Apr 25<br>R: 1.36<br>CI: [1.33, 1.39]"
India,tt,2020-04-26,1.31113758439095,1.28221849458856,1.34037468607173,"Date: Apr 26<br>R: 1.31<br>CI: [1.28, 1.34]"
India,tt,2020-04-27,1.29568016229361,1.26759130430379,1.32407255636128,"Date: Apr 27<br>R: 1.30<br>CI: [1.27, 1.32]"
India,tt,2020-04-28,1.27731571146916,1.25001668627594,1.30490551971193,"Date: Apr 28<br>R: 1.28<br>CI: [1.25, 1.30]"
India,tt,2020-04-29,1.27082652453601,1.24413582023978,1.29779656441746,"Date: Apr 29<br>R: 1.27<br>CI: [1.24, 1.30]"
India,tt,2020-04-30,1.21874475139998,1.19309901134902,1.24465940886659,"Date: Apr 30<br>R: 1.22<br>CI: [1.19, 1.24]"
India,tt,2020-05-01,1.28408756089067,1.25822312053897,1.31021148875674,"Date: May 01<br>R: 1.28<br>CI: [1.26, 1.31]"
India,tt,2020-05-02,1.37384601602428,1.34752956986201,1.40041342328031,"Date: May 02<br>R: 1.37<br>CI: [1.35, 1.40]"
India,tt,2020-05-03,1.45688605231331,1.43028683156448,1.48372693422151,"Date: May 03<br>R: 1.46<br>CI: [1.43, 1.48]"
India,tt,2020-05-04,1.62891600018477,1.60142166707015,1.65664110501169,"Date: May 04<br>R: 1.63<br>CI: [1.60, 1.66]"
India,tt,2020-05-05,1.67280125737853,1.64572032491492,1.70010012530217,"Date: May 05<br>R: 1.67<br>CI: [1.65, 1.70]"
India,tt,2020-05-06,1.68752941748836,1.66127295885379,1.7139888916381,"Date: May 06<br>R: 1.69<br>CI: [1.66, 1.71]"
India,tt,2020-05-07,1.63758159156305,1.61270853207365,1.66264235932683,"Date: May 07<br>R: 1.64<br>CI: [1.61, 1.66]"
India,tt,2020-05-08,1.54621436680246,1.52299831177903,1.56960360165889,"Date: May 08<br>R: 1.55<br>CI: [1.52, 1.57]"
India,tt,2020-05-09,1.39087032184357,1.36968442425784,1.41221656036776,"Date: May 09<br>R: 1.39<br>CI: [1.37, 1.41]"
India,tt,2020-05-10,1.40526504637655,1.38467966703024,1.42600021140096,"Date: May 10<br>R: 1.41<br>CI: [1.38, 1.43]"
India,tt,2020-05-11,1.32614348597941,1.30671169096795,1.34571671276854,"Date: May 11<br>R: 1.33<br>CI: [1.31, 1.35]"
India,tt,2020-05-12,1.27396543120522,1.25541129359477,1.2926537885352,"Date: May 12<br>R: 1.27<br>CI: [1.26, 1.29]"
India,tt,2020-05-13,1.24349325492205,1.22557404011106,1.26154071862311,"Date: May 13<br>R: 1.24<br>CI: [1.23, 1.26]"
India,tt,2020-05-14,1.24863031658248,1.2310225704627,1.26636136348347,"Date: May 14<br>R: 1.25<br>CI: [1.23, 1.27]"
India,tt,2020-05-15,1.05220330513296,1.03632737246642,1.06819824820978,"Date: May 15<br>R: 1.05<br>CI: [1.04, 1.07]"
India,tt,2020-05-16,1.21242898110022,1.19563518722578,1.2293382742477,"Date: May 16<br>R: 1.21<br>CI: [1.20, 1.23]"
India,tt,2020-05-17,1.26659953114803,1.24960917719518,1.28370302315931,"Date: May 17<br>R: 1.27<br>CI: [1.25, 1.28]"
India,tt,2020-05-18,1.29599805116193,1.27903423050955,1.31307208050552,"Date: May 18<br>R: 1.30<br>CI: [1.28, 1.31]"
India,tt,2020-05-19,1.33039012195308,1.31347901655793,1.34740790070955,"Date: May 19<br>R: 1.33<br>CI: [1.31, 1.35]"
India,tt,2020-05-20,1.47490914268316,1.45742853208477,1.49249252010661,"Date: May 20<br>R: 1.47<br>CI: [1.46, 1.49]"
India,tt,2020-05-21,1.35888270912762,1.34246946709096,1.37539429809008,"Date: May 21<br>R: 1.36<br>CI: [1.34, 1.38]"
India,tt,2020-05-22,1.36127797898264,1.34526753887859,1.37738181870874,"Date: May 22<br>R: 1.36<br>CI: [1.35, 1.38]"
India,tt,2020-05-23,1.37112805293664,1.35544598076973,1.38689907474526,"Date: May 23<br>R: 1.37<br>CI: [1.36, 1.39]"
India,tt,2020-05-24,1.36689785880958,1.35160803376199,1.38227249050444,"Date: May 24<br>R: 1.37<br>CI: [1.35, 1.38]"
India,tt,2020-05-25,1.33170589534872,1.31697054948828,1.34652208509123,"Date: May 25<br>R: 1.33<br>CI: [1.32, 1.35]"
India,tt,2020-05-26,1.26498828419388,1.2509604261825,1.27909327450641,"Date: May 26<br>R: 1.26<br>CI: [1.25, 1.28]"
India,tt,2020-05-27,1.20670188435028,1.19329539939645,1.2201822233691,"Date: May 27<br>R: 1.21<br>CI: [1.19, 1.22]"
India,tt,2020-05-28,1.18316614415426,1.17013587983862,1.19626756000859,"Date: May 28<br>R: 1.18<br>CI: [1.17, 1.20]"
India,tt,2020-05-29,1.18779066447533,1.17493637488253,1.20071392062389,"Date: May 29<br>R: 1.19<br>CI: [1.17, 1.20]"
India,tt,2020-05-30,1.22223390269419,1.20937203958806,1.23516285786456,"Date: May 30<br>R: 1.22<br>CI: [1.21, 1.24]"
India,tt,2020-05-31,1.28477836204664,1.27176764317007,1.29785437990932,"Date: May 31<br>R: 1.28<br>CI: [1.27, 1.30]"
India,tt,2020-06-01,1.29286156733114,1.28000442876149,1.30578206797038,"Date: Jun 01<br>R: 1.29<br>CI: [1.28, 1.31]"
India,tt,2020-06-02,1.28385146687914,1.27126028029689,1.29650384362328,"Date: Jun 02<br>R: 1.28<br>CI: [1.27, 1.30]"
India,tt,2020-06-03,1.27395894682665,1.26164623569026,1.28633062159882,"Date: Jun 03<br>R: 1.27<br>CI: [1.26, 1.29]"
India,tt,2020-06-04,1.27225530545812,1.26017686579383,1.28439055747058,"Date: Jun 04<br>R: 1.27<br>CI: [1.26, 1.28]"
India,tt,2020-06-05,1.25553212844979,1.24375073042357,1.26736829580143,"Date: Jun 05<br>R: 1.26<br>CI: [1.24, 1.27]"
India,tt,2020-06-06,1.2737082631603,1.26205271318983,1.2854166475463,"Date: Jun 06<br>R: 1.27<br>CI: [1.26, 1.29]"
India,tt,2020-06-07,1.29521214565651,1.28366315149698,1.30681214545637,"Date: Jun 07<br>R: 1.30<br>CI: [1.28, 1.31]"
India,tt,2020-06-08,1.25755328281206,1.24637814734608,1.26877760449877,"Date: Jun 08<br>R: 1.26<br>CI: [1.25, 1.27]"
India,tt,2020-06-09,1.20218326772273,1.19145810796712,1.21295581987462,"Date: Jun 09<br>R: 1.20<br>CI: [1.19, 1.21]"
India,tt,2020-06-10,1.19291170499611,1.18240952537059,1.20345967740265,"Date: Jun 10<br>R: 1.19<br>CI: [1.18, 1.20]"
India,tt,2020-06-11,1.19533985040065,1.18498300827372,1.2057411331013,"Date: Jun 11<br>R: 1.20<br>CI: [1.18, 1.21]"
India,tt,2020-06-12,1.19593912211923,1.18572192807845,1.20619954209789,"Date: Jun 12<br>R: 1.20<br>CI: [1.19, 1.21]"
India,tt,2020-06-13,1.2320731954048,1.22184123368868,1.242347231727,"Date: Jun 13<br>R: 1.23<br>CI: [1.22, 1.24]"
India,tt,2020-06-14,1.26012167860655,1.24991481328134,1.27036947630075,"Date: Jun 14<br>R: 1.26<br>CI: [1.25, 1.27]"
India,tt,2020-06-15,1.2195405529071,1.20965019687191,1.22947062117969,"Date: Jun 15<br>R: 1.22<br>CI: [1.21, 1.23]"
India,tt,2020-06-16,1.15960241243331,1.15011170502397,1.16913157909931,"Date: Jun 16<br>R: 1.16<br>CI: [1.15, 1.17]"
India,tt,2020-06-17,1.13699474460232,1.12773378282642,1.14629305358032,"Date: Jun 17<br>R: 1.14<br>CI: [1.13, 1.15]"
India,tt,2020-06-18,1.13020549171475,1.12108412305809,1.13936330645501,"Date: Jun 18<br>R: 1.13<br>CI: [1.12, 1.14]"
India,tt,2020-06-19,1.15311205050329,1.14399446356819,1.16226532700724,"Date: Jun 19<br>R: 1.15<br>CI: [1.14, 1.16]"
India,tt,2020-06-20,1.2245198507376,1.21521563076728,1.23385906365745,"Date: Jun 20<br>R: 1.22<br>CI: [1.22, 1.23]"
India,tt,2020-06-21,1.28671070090324,1.27727678296859,1.29617885083916,"Date: Jun 21<br>R: 1.29<br>CI: [1.28, 1.30]"
India,tt,2020-06-22,1.29277060696527,1.28344646533009,1.30212802984546,"Date: Jun 22<br>R: 1.29<br>CI: [1.28, 1.30]"
India,tt,2020-06-23,1.28374448666455,1.2746103626377,1.29291077228504,"Date: Jun 23<br>R: 1.28<br>CI: [1.27, 1.29]"
India,tt,2020-06-24,1.27549784919647,1.26655873005121,1.28446796886582,"Date: Jun 24<br>R: 1.28<br>CI: [1.27, 1.28]"
India,tt,2020-06-25,1.26494894560017,1.25621004954391,1.27371771459572,"Date: Jun 25<br>R: 1.26<br>CI: [1.26, 1.27]"
India,tt,2020-06-26,1.2703455483155,1.2617460683892,1.27897383075257,"Date: Jun 26<br>R: 1.27<br>CI: [1.26, 1.28]"
India,tt,2020-06-27,1.30464908394489,1.29608860111744,1.31323735532179,"Date: Jun 27<br>R: 1.30<br>CI: [1.30, 1.31]"
India,tt,2020-06-28,1.31888003820968,1.31042871985686,1.32735814661886,"Date: Jun 28<br>R: 1.32<br>CI: [1.31, 1.33]"
India,tt,2020-06-29,1.29765263616482,1.28943146374262,1.30589957318922,"Date: Jun 29<br>R: 1.30<br>CI: [1.29, 1.31]"
India,tt,2020-06-30,1.25527962405625,1.24735521306586,1.26322878093384,"Date: Jun 30<br>R: 1.26<br>CI: [1.25, 1.26]"
India,tt,2020-07-01,1.21869265799936,1.21103466136828,1.2263744580532,"Date: Jul 01<br>R: 1.22<br>CI: [1.21, 1.23]"
India,tt,2020-07-02,1.19826126072612,1.1908000071161,1.20574549502621,"Date: Jul 02<br>R: 1.20<br>CI: [1.19, 1.21]"
India,tt,2020-07-03,1.20513103427413,1.19776441441295,1.21251992662067,"Date: Jul 03<br>R: 1.21<br>CI: [1.20, 1.21]"
India,tt,2020-07-04,1.24126518880842,1.2338954805535,1.24865653743323,"Date: Jul 04<br>R: 1.24<br>CI: [1.23, 1.25]"
India,tt,2020-07-05,1.26997068246311,1.26262299559709,1.27733939276198,"Date: Jul 05<br>R: 1.27<br>CI: [1.26, 1.28]"
India,tt,2020-07-06,1.2595348853426,1.25233187670663,1.26675826436717,"Date: Jul 06<br>R: 1.26<br>CI: [1.25, 1.27]"
India,tt,2020-07-07,1.2278216845064,1.22082966030999,1.23483339876089,"Date: Jul 07<br>R: 1.23<br>CI: [1.22, 1.23]"
India,tt,2020-07-08,1.20781622723996,1.20099718930829,1.21465430273143,"Date: Jul 08<br>R: 1.21<br>CI: [1.20, 1.21]"
India,tt,2020-07-09,1.18382781147671,1.17718200758869,1.19049206405592,"Date: Jul 09<br>R: 1.18<br>CI: [1.18, 1.19]"
India,tt,2020-07-10,1.18488833402371,1.17833474381915,1.19145984770965,"Date: Jul 10<br>R: 1.18<br>CI: [1.18, 1.19]"
India,tt,2020-07-11,1.21170144715815,1.20516146329173,1.21825888402933,"Date: Jul 11<br>R: 1.21<br>CI: [1.21, 1.22]"
India,tt,2020-07-12,1.23835228421931,1.2318268775152,1.24489469119731,"Date: Jul 12<br>R: 1.24<br>CI: [1.23, 1.24]"
India,tt,2020-07-13,1.23242707982725,1.22600833806943,1.23886234920678,"Date: Jul 13<br>R: 1.23<br>CI: [1.23, 1.24]"
India,tt,2020-07-14,1.22671066891066,1.22040307569921,1.2330342961536,"Date: Jul 14<br>R: 1.23<br>CI: [1.22, 1.23]"
India,tt,2020-07-15,1.23287621306239,1.22664910867216,1.23911886603383,"Date: Jul 15<br>R: 1.23<br>CI: [1.23, 1.24]"
India,tt,2020-07-16,1.25296695009285,1.24678472580234,1.2591642530425,"Date: Jul 16<br>R: 1.25<br>CI: [1.25, 1.26]"
India,tt,2020-07-17,1.2610774813087,1.25497182112996,1.26719775371517,"Date: Jul 17<br>R: 1.26<br>CI: [1.25, 1.27]"
India,tt,2020-07-18,1.28684833711792,1.28078129587615,1.29292951649618,"Date: Jul 18<br>R: 1.29<br>CI: [1.28, 1.29]"
India,tt,2020-07-19,1.31733761225517,1.31130424882226,1.32338463279045,"Date: Jul 19<br>R: 1.32<br>CI: [1.31, 1.32]"
India,tt,2020-07-20,1.29376926062608,1.28790041712076,1.29965126169602,"Date: Jul 20<br>R: 1.29<br>CI: [1.29, 1.30]"
India,tt,2020-07-21,1.26684370242551,1.2611496282703,1.27255042515429,"Date: Jul 21<br>R: 1.27<br>CI: [1.26, 1.27]"
India,tt,2020-07-22,1.28338058564389,1.27775866508787,1.28901467668132,"Date: Jul 22<br>R: 1.28<br>CI: [1.28, 1.29]"
India,tt,2020-07-23,1.30276011517674,1.29719963723191,1.30833232127019,"Date: Jul 23<br>R: 1.30<br>CI: [1.30, 1.31]"
India,tt,2020-07-24,1.30518843057778,1.29972657103111,1.31066158443079,"Date: Jul 24<br>R: 1.31<br>CI: [1.30, 1.31]"
India,tt,2020-07-25,1.33119945346295,1.32579007271257,1.33661969540929,"Date: Jul 25<br>R: 1.33<br>CI: [1.33, 1.34]"
India,tt,2020-07-26,1.33231742138218,1.32701373784941,1.33763153662227,"Date: Jul 26<br>R: 1.33<br>CI: [1.33, 1.34]"
India,tt,2020-07-27,1.28193389197546,1.27684005289546,1.28703773177283,"Date: Jul 27<br>R: 1.28<br>CI: [1.28, 1.29]"
India,tt,2020-07-28,1.23527817702825,1.23038167887529,1.24018426500623,"Date: Jul 28<br>R: 1.24<br>CI: [1.23, 1.24]"
India,tt,2020-07-29,1.20646126003234,1.2017137608997,1.21121798943649,"Date: Jul 29<br>R: 1.21<br>CI: [1.20, 1.21]"
India,tt,2020-07-30,1.18969055395942,1.18505461515607,1.19433541823524,"Date: Jul 30<br>R: 1.19<br>CI: [1.19, 1.19]"
India,tt,2020-07-31,1.19385655086674,1.18928116091864,1.19844060404995,"Date: Jul 31<br>R: 1.19<br>CI: [1.19, 1.20]"
India,tt,2020-08-01,1.19987912026491,1.19535478126008,1.20441188748321,"Date: Aug 01<br>R: 1.20<br>CI: [1.20, 1.20]"
India,tt,2020-08-02,1.18118630439759,1.17675732759012,1.18562348560135,"Date: Aug 02<br>R: 1.18<br>CI: [1.18, 1.19]"
India,tt,2020-08-03,1.14176066652056,1.13746382149321,1.14606550042019,"Date: Aug 03<br>R: 1.14<br>CI: [1.14, 1.15]"
India,tt,2020-08-04,1.09879867925242,1.09463510110861,1.1029700517846,"Date: Aug 04<br>R: 1.10<br>CI: [1.09, 1.10]"
India,tt,2020-08-05,1.07279447065245,1.06872287263033,1.07687370318701,"Date: Aug 05<br>R: 1.07<br>CI: [1.07, 1.08]"
India,tt,2020-08-06,1.08359561755704,1.07953640154817,1.08766234589398,"Date: Aug 06<br>R: 1.08<br>CI: [1.08, 1.09]"
India,tt,2020-08-07,1.10401587888743,1.09994501666848,1.10809415663864,"Date: Aug 07<br>R: 1.10<br>CI: [1.10, 1.11]"
India,tt,2020-08-08,1.14681614222873,1.14269322297479,1.15094638367093,"Date: Aug 08<br>R: 1.15<br>CI: [1.14, 1.15]"
India,tt,2020-08-09,1.17141504309927,1.16727847737794,1.17555882455228,"Date: Aug 09<br>R: 1.17<br>CI: [1.17, 1.18]"
India,tt,2020-08-10,1.13658090048784,1.13254359709361,1.14062528820293,"Date: Aug 10<br>R: 1.14<br>CI: [1.13, 1.14]"
India,tt,2020-08-11,1.11006939192274,1.10612029777581,1.11402542610697,"Date: Aug 11<br>R: 1.11<br>CI: [1.11, 1.11]"
India,tt,2020-08-12,1.10934691496678,1.10543640136266,1.11326423799222,"Date: Aug 12<br>R: 1.11<br>CI: [1.11, 1.11]"
India,tt,2020-08-13,1.08730854314803,1.0834694030225,1.09115437944182,"Date: Aug 13<br>R: 1.09<br>CI: [1.08, 1.09]"
India,tt,2020-08-14,1.08293431091373,1.0791321245359,1.08674309163639,"Date: Aug 14<br>R: 1.08<br>CI: [1.08, 1.09]"
India,tt,2020-08-15,1.10614654997506,1.102329525306,1.10997008090218,"Date: Aug 15<br>R: 1.11<br>CI: [1.10, 1.11]"
India,tt,2020-08-16,1.08130031553353,1.0775506266363,1.08505642748842,"Date: Aug 16<br>R: 1.08<br>CI: [1.08, 1.09]"
India,tt,2020-08-17,1.02420239676685,1.02057746440443,1.02783366676195,"Date: Aug 17<br>R: 1.02<br>CI: [1.02, 1.03]"
India,tt,2020-08-18,1.01578964009863,1.01219950592166,1.0193860422838,"Date: Aug 18<br>R: 1.02<br>CI: [1.01, 1.02]"
India,tt,2020-08-19,1.02089997287936,1.01731265007786,1.02449352248645,"Date: Aug 19<br>R: 1.02<br>CI: [1.02, 1.02]"
India,tt,2020-08-20,1.03143610272705,1.02783789238109,1.03504051366148,"Date: Aug 20<br>R: 1.03<br>CI: [1.03, 1.04]"
India,tt,2020-08-21,1.06154554302776,1.05790201233645,1.06519525098489,"Date: Aug 21<br>R: 1.06<br>CI: [1.06, 1.07]"
India,tt,2020-08-22,1.10759084091664,1.10387805592874,1.11130977332733,"Date: Aug 22<br>R: 1.11<br>CI: [1.10, 1.11]"
India,tt,2020-08-23,1.08829582522689,1.08463023971246,1.09196750914315,"Date: Aug 23<br>R: 1.09<br>CI: [1.08, 1.09]"
India,tt,2020-08-24,1.04556261240318,1.04199045174626,1.04914080141185,"Date: Aug 24<br>R: 1.05<br>CI: [1.04, 1.05]"
India,tt,2020-08-25,1.02883316152286,1.02530933171802,1.03236295307279,"Date: Aug 25<br>R: 1.03<br>CI: [1.03, 1.03]"
India,tt,2020-08-26,1.04389981619986,1.04036454357993,1.0474410026281,"Date: Aug 26<br>R: 1.04<br>CI: [1.04, 1.05]"
India,tt,2020-08-27,1.05852525157801,1.05497611454697,1.06208026644309,"Date: Aug 27<br>R: 1.06<br>CI: [1.05, 1.06]"
India,tt,2020-08-28,1.09768109598962,1.09407848459992,1.10128954742756,"Date: Aug 28<br>R: 1.10<br>CI: [1.09, 1.10]"
India,tt,2020-08-29,1.14600008967093,1.14233426763326,1.14967170330135,"Date: Aug 29<br>R: 1.15<br>CI: [1.14, 1.15]"
India,tt,2020-08-30,1.16991816026674,1.16623708122409,1.17360495967086,"Date: Aug 30<br>R: 1.17<br>CI: [1.17, 1.17]"
India,tt,2020-08-31,1.12836251934657,1.12477862481999,1.13195203595087,"Date: Aug 31<br>R: 1.13<br>CI: [1.12, 1.13]"
India,tt,2020-09-01,1.11007844897993,1.10655882498041,1.11360358451646,"Date: Sep 01<br>R: 1.11<br>CI: [1.11, 1.11]"
India,tt,2020-09-02,1.10775191887454,1.10426785727939,1.11124139246651,"Date: Sep 02<br>R: 1.11<br>CI: [1.10, 1.11]"
India,tt,2020-09-03,1.10570812924665,1.10225565886682,1.10916592368633,"Date: Sep 03<br>R: 1.11<br>CI: [1.10, 1.11]"
India,tt,2020-09-04,1.10991573907851,1.10648333381542,1.11335338666964,"Date: Sep 04<br>R: 1.11<br>CI: [1.11, 1.11]"
India,tt,2020-09-05,1.15280207069866,1.14933021986519,1.15627908530458,"Date: Sep 05<br>R: 1.15<br>CI: [1.15, 1.16]"
India,tt,2020-09-06,1.17075565075306,1.16728488149881,1.1742315013073,"Date: Sep 06<br>R: 1.17<br>CI: [1.17, 1.17]"
India,tt,2020-09-07,1.12776825655788,1.12439449010049,1.13114700733134,"Date: Sep 07<br>R: 1.13<br>CI: [1.12, 1.13]"
India,tt,2020-09-08,1.11932497873849,1.11599849651688,1.12265634304584,"Date: Sep 08<br>R: 1.12<br>CI: [1.12, 1.12]"
India,tt,2020-09-09,1.11980653916364,1.11651040397703,1.12310746563654,"Date: Sep 09<br>R: 1.12<br>CI: [1.12, 1.12]"
India,tt,2020-09-10,1.11581116684979,1.11254939597071,1.11907764638463,"Date: Sep 10<br>R: 1.12<br>CI: [1.11, 1.12]"
India,tt,2020-09-11,1.11170567528679,1.10847714521971,1.11493883551908,"Date: Sep 11<br>R: 1.11<br>CI: [1.11, 1.11]"
India,tt,2020-09-12,1.14040890591257,1.13716541689201,1.14365695034897,"Date: Sep 12<br>R: 1.14<br>CI: [1.14, 1.14]"
India,tt,2020-09-13,1.12977980642823,1.12657788020837,1.13298621380803,"Date: Sep 13<br>R: 1.13<br>CI: [1.13, 1.13]"
India,tt,2020-09-14,1.07814403366906,1.07504394612753,1.08124852312511,"Date: Sep 14<br>R: 1.08<br>CI: [1.08, 1.08]"
India,tt,2020-09-15,1.04724354729494,1.04421377371547,1.05027764946915,"Date: Sep 15<br>R: 1.05<br>CI: [1.04, 1.05]"
India,tt,2020-09-16,1.03440211293015,1.03141015942574,1.03739834003991,"Date: Sep 16<br>R: 1.03<br>CI: [1.03, 1.04]"
India,tt,2020-09-17,1.03044446038597,1.0274716317091,1.03342152439728,"Date: Sep 17<br>R: 1.03<br>CI: [1.03, 1.03]"
India,tt,2020-09-18,1.0231412555106,1.02018870582872,1.02609801276424,"Date: Sep 18<br>R: 1.02<br>CI: [1.02, 1.03]"
India,tt,2020-09-19,1.04142611639651,1.03845496240405,1.04440145627614,"Date: Sep 19<br>R: 1.04<br>CI: [1.04, 1.04]"
India,tt,2020-09-20,1.0285568283222,1.02561080170451,1.03150702184027,"Date: Sep 20<br>R: 1.03<br>CI: [1.03, 1.03]"
India,tt,2020-09-21,0.972280245312223,0.969423155156741,0.975141481574249,"Date: Sep 21<br>R: 0.97<br>CI: [0.97, 0.98]"
India,tt,2020-09-22,0.939802379756357,0.936998058076887,0.942610833936157,"Date: Sep 22<br>R: 0.94<br>CI: [0.94, 0.94]"
India,tt,2020-09-23,0.927437891982894,0.924650118784932,0.930229803543355,"Date: Sep 23<br>R: 0.93<br>CI: [0.92, 0.93]"
India,tt,2020-09-24,0.918155081985942,0.915373345014026,0.920940981126621,"Date: Sep 24<br>R: 0.92<br>CI: [0.92, 0.92]"
India,tt,2020-09-25,0.922345547686527,0.919545491516916,0.925149801878453,"Date: Sep 25<br>R: 0.92<br>CI: [0.92, 0.93]"
India,tt,2020-09-26,0.963823844450936,0.960946725908884,0.966705204418782,"Date: Sep 26<br>R: 0.96<br>CI: [0.96, 0.97]"
India,tt,2020-09-27,0.972086878818557,0.969183098278772,0.974994943037826,"Date: Sep 27<br>R: 0.97<br>CI: [0.97, 0.97]"
India,tt,2020-09-28,0.940269044593567,0.937402992569263,0.943139411049161,"Date: Sep 28<br>R: 0.94<br>CI: [0.94, 0.94]"
India,tt,2020-09-29,0.933569819581268,0.930705332737566,0.936438647114798,"Date: Sep 29<br>R: 0.93<br>CI: [0.93, 0.94]"
India,tt,2020-09-30,0.94308734656848,0.940197308607745,0.945981758402918,"Date: Sep 30<br>R: 0.94<br>CI: [0.94, 0.95]"
India,tt,2020-10-01,0.934967687734622,0.932077769124613,0.937862017896299,"Date: Oct 01<br>R: 0.93<br>CI: [0.93, 0.94]"
India,tt,2020-10-02,0.936264688750849,0.933360307595029,0.939173519575838,"Date: Oct 02<br>R: 0.94<br>CI: [0.93, 0.94]"
India,tt,2020-10-03,0.958518065189446,0.955566072653099,0.961474547707332,"Date: Oct 03<br>R: 0.96<br>CI: [0.96, 0.96]"
India,tt,2020-10-04,0.953168630073112,0.950212107760378,0.956129681483247,"Date: Oct 04<br>R: 0.95<br>CI: [0.95, 0.96]"
India,tt,2020-10-05,0.89608055309467,0.893203473196872,0.898962195454558,"Date: Oct 05<br>R: 0.90<br>CI: [0.89, 0.90]"
India,tt,2020-10-06,0.879437582993744,0.876575576212188,0.882304190096326,"Date: Oct 06<br>R: 0.88<br>CI: [0.88, 0.88]"
India,tt,2020-10-07,0.887769653329001,0.884876240657921,0.890667723719728,"Date: Oct 07<br>R: 0.89<br>CI: [0.88, 0.89]"
India,tt,2020-10-08,0.889675181708471,0.886756588746978,0.892598503710607,"Date: Oct 08<br>R: 0.89<br>CI: [0.89, 0.89]"
India,tt,2020-10-09,0.900217519479538,0.897258258385789,0.903181585403217,"Date: Oct 09<br>R: 0.90<br>CI: [0.90, 0.90]"
India,tt,2020-10-10,0.951400908906045,0.94833445986867,0.954472239440894,"Date: Oct 10<br>R: 0.95<br>CI: [0.95, 0.95]"
India,tt,2020-10-11,0.954209630228605,0.951117006392191,0.957307204682646,"Date: Oct 11<br>R: 0.95<br>CI: [0.95, 0.96]"
India,tt,2020-10-12,0.899177346431733,0.89615997280194,0.90219972140214,"Date: Oct 12<br>R: 0.90<br>CI: [0.90, 0.90]"
India,tt,2020-10-13,0.888806080554788,0.885792042665397,0.891825167051708,"Date: Oct 13<br>R: 0.89<br>CI: [0.89, 0.89]"
India,tt,2020-10-14,0.885200893153811,0.882174066074242,0.888232832584338,"Date: Oct 14<br>R: 0.89<br>CI: [0.88, 0.89]"
India,tt,2020-10-15,0.868328312401298,0.86530825629536,0.871353557056433,"Date: Oct 15<br>R: 0.87<br>CI: [0.87, 0.87]"
India,tt,2020-10-16,0.867364703832915,0.864321581446855,0.870413100260112,"Date: Oct 16<br>R: 0.87<br>CI: [0.86, 0.87]"
India,tt,2020-10-17,0.90479917361535,0.901662859685429,0.90794085766815,"Date: Oct 17<br>R: 0.90<br>CI: [0.90, 0.91]"
India,tt,2020-10-18,0.900552493673401,0.897395124477618,0.903715331109591,"Date: Oct 18<br>R: 0.90<br>CI: [0.90, 0.90]"
India,tt,2020-10-19,0.849656390564253,0.846564999832138,0.852753337764197,"Date: Oct 19<br>R: 0.85<br>CI: [0.85, 0.85]"
India,tt,2020-10-20,0.836542777355948,0.833450216036937,0.839640986683827,"Date: Oct 20<br>R: 0.84<br>CI: [0.83, 0.84]"
India,tt,2020-10-21,0.834949347481271,0.831828937579083,0.838075518660125,"Date: Oct 21<br>R: 0.83<br>CI: [0.83, 0.84]"
India,tt,2020-10-22,0.830487977790547,0.827340867220584,0.833640980288633,"Date: Oct 22<br>R: 0.83<br>CI: [0.83, 0.83]"
India,tt,2020-10-23,0.842222962086743,0.839015816154162,0.845436141683351,"Date: Oct 23<br>R: 0.84<br>CI: [0.84, 0.85]"
India,tt,2020-10-24,0.878878191556157,0.875561774393568,0.882200791344635,"Date: Oct 24<br>R: 0.88<br>CI: [0.88, 0.88]"
India,tt,2020-10-25,0.871337441916448,0.86799684847255,0.874684362933845,"Date: Oct 25<br>R: 0.87<br>CI: [0.87, 0.87]"
India,tt,2020-10-26,0.820415914553543,0.817141021638799,0.823697266544081,"Date: Oct 26<br>R: 0.82<br>CI: [0.82, 0.82]"
India,tt,2020-10-27,0.798263194070539,0.794998991132585,0.801533992381685,"Date: Oct 27<br>R: 0.80<br>CI: [0.79, 0.80]"
India,tt,2020-10-28,0.804810721458468,0.801492575880863,0.808135626862601,"Date: Oct 28<br>R: 0.80<br>CI: [0.80, 0.81]"
India,tt,2020-10-29,0.821530025128203,0.818130873645225,0.82493612620127,"Date: Oct 29<br>R: 0.82<br>CI: [0.82, 0.82]"
India,tt,2020-10-30,0.853425632745479,0.849911672994738,0.856946741823058,"Date: Oct 30<br>R: 0.85<br>CI: [0.85, 0.86]"
India,tt,2020-10-31,0.92012134916601,0.916423228053512,0.923826814289103,"Date: Oct 31<br>R: 0.92<br>CI: [0.92, 0.92]"
India,tt,2020-11-01,0.952756197245974,0.948950007842635,0.956569899589685,"Date: Nov 01<br>R: 0.95<br>CI: [0.95, 0.96]"
India,tt,2020-11-02,0.917444303201088,0.913679243913528,0.921216997299327,"Date: Nov 02<br>R: 0.92<br>CI: [0.91, 0.92]"
India,tt,2020-11-03,0.917179961137623,0.913393166718319,0.920974481092352,"Date: Nov 03<br>R: 0.92<br>CI: [0.91, 0.92]"
India,tt,2020-11-04,0.937906177770079,0.9340538477346,0.941766326291771,"Date: Nov 04<br>R: 0.94<br>CI: [0.93, 0.94]"
India,tt,2020-11-05,0.95061875264344,0.946717635794844,0.954527780027152,"Date: Nov 05<br>R: 0.95<br>CI: [0.95, 0.95]"
India,tt,2020-11-06,0.977446940019388,0.973471238337761,0.981430631960851,"Date: Nov 06<br>R: 0.98<br>CI: [0.97, 0.98]"
India,tt,2020-11-07,1.02156782877442,1.01748728506005,1.0256564258964,"Date: Nov 07<br>R: 1.02<br>CI: [1.02, 1.03]"
India,tt,2020-11-08,1.02895520279519,1.02485094848864,1.03306754585645,"Date: Nov 08<br>R: 1.03<br>CI: [1.02, 1.03]"
India,tt,2020-11-09,0.972060519893295,0.968071270996198,0.97605785832088,"Date: Nov 09<br>R: 0.97<br>CI: [0.97, 0.98]"
India,tt,2020-11-10,0.958679108071918,0.954719461679781,0.962646835733233,"Date: Nov 10<br>R: 0.96<br>CI: [0.95, 0.96]"
India,tt,2020-11-11,0.953246059617486,0.949293608114428,0.957206609004449,"Date: Nov 11<br>R: 0.95<br>CI: [0.95, 0.96]"
India,tt,2020-11-12,0.950741840318399,0.946785853095803,0.954705961346164,"Date: Nov 12<br>R: 0.95<br>CI: [0.95, 0.95]"
India,tt,2020-11-13,0.947240434781494,0.943280328829213,0.951208721693122,"Date: Nov 13<br>R: 0.95<br>CI: [0.94, 0.95]"
India,tt,2020-11-14,0.97338294958602,0.96935527788402,0.977418856334059,"Date: Nov 14<br>R: 0.97<br>CI: [0.97, 0.98]"
India,tt,2020-11-15,0.918354198114474,0.914429278363382,0.922287407248984,"Date: Nov 15<br>R: 0.92<br>CI: [0.91, 0.92]"
India,tt,2020-11-16,0.837506020344696,0.833746237496824,0.841274144896459,"Date: Nov 16<br>R: 0.84<br>CI: [0.83, 0.84]"
India,tt,2020-11-17,0.819946026090533,0.816205292624562,0.823695194091057,"Date: Nov 17<br>R: 0.82<br>CI: [0.82, 0.82]"
India,tt,2020-11-18,0.838650149060406,0.834831801770994,0.842477088481066,"Date: Nov 18<br>R: 0.84<br>CI: [0.83, 0.84]"
India,tt,2020-11-19,0.878752310576381,0.874799069278834,0.882714341276945,"Date: Nov 19<br>R: 0.88<br>CI: [0.87, 0.88]"
India,tt,2020-11-20,0.972855370274231,0.968648453299484,0.977071277282747,"Date: Nov 20<br>R: 0.97<br>CI: [0.97, 0.98]"
India,tt,2020-11-21,1.07114070386005,1.0666863851194,1.07560417557284,"Date: Nov 21<br>R: 1.07<br>CI: [1.07, 1.08]"
India,tt,2020-11-22,1.10837280870348,1.10382329778074,1.11293154699928,"Date: Nov 22<br>R: 1.11<br>CI: [1.10, 1.11]"
India,tt,2020-11-23,1.06665048458483,1.06219401466944,1.07111615497206,"Date: Nov 23<br>R: 1.07<br>CI: [1.06, 1.07]"
India,tt,2020-11-24,1.04780441210338,1.04340723664587,1.05221070602376,"Date: Nov 24<br>R: 1.05<br>CI: [1.04, 1.05]"
India,tt,2020-11-25,1.03113447941961,1.02679144601358,1.03548655199644,"Date: Nov 25<br>R: 1.03<br>CI: [1.03, 1.04]"
India,tt,2020-11-26,1.01375636992407,1.00946538291496,1.01805633210661,"Date: Nov 26<br>R: 1.01<br>CI: [1.01, 1.02]"
India,tt,2020-11-27,0.99417299731186,0.989934606783379,0.99842031695857,"Date: Nov 27<br>R: 0.99<br>CI: [0.99, 1.00]"
India,tt,2020-11-28,1.01184332708783,1.00757360384566,1.01612195351564,"Date: Nov 28<br>R: 1.01<br>CI: [1.01, 1.02]"
India,tt,2020-11-29,0.986165991788615,0.981953398732919,0.990387477252836,"Date: Nov 29<br>R: 0.99<br>CI: [0.98, 0.99]"
India,tt,2020-11-30,0.921878195098731,0.917807182575086,0.925958092117779,"Date: Nov 30<br>R: 0.92<br>CI: [0.92, 0.93]"
India,tt,2020-12-01,0.892285409482836,0.88827623181774,0.896303489911355,"Date: Dec 01<br>R: 0.89<br>CI: [0.89, 0.90]"
India,tt,2020-12-02,0.871556698933323,0.86757899818892,0.87554337193664,"Date: Dec 02<br>R: 0.87<br>CI: [0.87, 0.88]"
India,tt,2020-12-03,0.857503390283677,0.853532940152379,0.861482926800059,"Date: Dec 03<br>R: 0.86<br>CI: [0.85, 0.86]"
India,tt,2020-12-04,0.860309500099335,0.856299928303256,0.864328308137194,"Date: Dec 04<br>R: 0.86<br>CI: [0.86, 0.86]"
India,tt,2020-12-05,0.900680364810042,0.896538888227456,0.904831253358001,"Date: Dec 05<br>R: 0.90<br>CI: [0.90, 0.90]"
India,tt,2020-12-06,0.901223129820937,0.897041006399132,0.905414845284459,"Date: Dec 06<br>R: 0.90<br>CI: [0.90, 0.91]"
India,tt,2020-12-07,0.868536574792902,0.864396903335122,0.872685998849896,"Date: Dec 07<br>R: 0.87<br>CI: [0.86, 0.87]"
India,tt,2020-12-08,0.859171425882459,0.855020837543544,0.863331925510406,"Date: Dec 08<br>R: 0.86<br>CI: [0.86, 0.86]"
India,tt,2020-12-09,0.847860204331638,0.843699551679677,0.852030949645506,"Date: Dec 09<br>R: 0.85<br>CI: [0.84, 0.85]"
India,tt,2020-12-10,0.829076857439044,0.824921414372427,0.833242596528437,"Date: Dec 10<br>R: 0.83<br>CI: [0.82, 0.83]"
India,tt,2020-12-11,0.829522446567606,0.825320277460117,0.833735139171558,"Date: Dec 11<br>R: 0.83<br>CI: [0.83, 0.83]"
India,tt,2020-12-12,0.873033305336088,0.868670524926535,0.877406863351911,"Date: Dec 12<br>R: 0.87<br>CI: [0.87, 0.88]"
India,tt,2020-12-13,0.866430393157397,0.862032127732619,0.870839696130225,"Date: Dec 13<br>R: 0.87<br>CI: [0.86, 0.87]"
India,tt,2020-12-14,0.827416118891436,0.823072068393293,0.831771445168758,"Date: Dec 14<br>R: 0.83<br>CI: [0.82, 0.83]"
India,tt,2020-12-15,0.826069595960995,0.82168252741828,0.830468183802797,"Date: Dec 15<br>R: 0.83<br>CI: [0.82, 0.83]"
India,tt,2020-12-16,0.822872497373404,0.818441563064047,0.827315228581079,"Date: Dec 16<br>R: 0.82<br>CI: [0.82, 0.83]"
India,tt,2020-12-17,0.817672789094875,0.813199954565773,0.822157721643228,"Date: Dec 17<br>R: 0.82<br>CI: [0.81, 0.82]"
India,tt,2020-12-18,0.837039317624072,0.832454371056242,0.841636682214307,"Date: Dec 18<br>R: 0.84<br>CI: [0.83, 0.84]"
India,tt,2020-12-19,0.892376558171793,0.887579424599929,0.897186442128296,"Date: Dec 19<br>R: 0.89<br>CI: [0.89, 0.90]"
India,tt,2020-12-20,0.902972726973464,0.898088573222861,0.907869943004383,"Date: Dec 20<br>R: 0.90<br>CI: [0.90, 0.91]"
India,tt,2020-12-21,0.870831417825916,0.865988087375759,0.875688068206615,"Date: Dec 21<br>R: 0.87<br>CI: [0.87, 0.88]"
India,tt,2020-12-22,0.869133993029594,0.864253221481566,0.874028318022029,"Date: Dec 22<br>R: 0.87<br>CI: [0.86, 0.87]"
India,tt,2020-12-23,0.868677989846502,0.863753512375134,0.87361627219062,"Date: Dec 23<br>R: 0.87<br>CI: [0.86, 0.87]"
India,tt,2020-12-24,0.860200341966342,0.855253167910042,0.865161586323605,"Date: Dec 24<br>R: 0.86<br>CI: [0.86, 0.87]"
India,tt,2020-12-25,0.859931113835151,0.854936298829691,0.864940276335562,"Date: Dec 25<br>R: 0.86<br>CI: [0.85, 0.86]"
India,tt,2020-12-26,0.873073858946203,0.867989901519411,0.878172456906722,"Date: Dec 26<br>R: 0.87<br>CI: [0.87, 0.88]"
India,tt,2020-12-27,0.862992233562422,0.857886298245869,0.868113109475483,"Date: Dec 27<br>R: 0.86<br>CI: [0.86, 0.87]"
India,tt,2020-12-28,0.810674867822191,0.805677301720363,0.815687672627193,"Date: Dec 28<br>R: 0.81<br>CI: [0.81, 0.82]"
India,tt,2020-12-29,0.804236262690339,0.799205535692535,0.809282555614686,"Date: Dec 29<br>R: 0.80<br>CI: [0.80, 0.81]"
India,tt,2020-12-30,0.821389361277853,0.816240715854421,0.826553970520688,"Date: Dec 30<br>R: 0.82<br>CI: [0.82, 0.83]"
India,tt,2020-12-31,0.847977717252282,0.842674646184752,0.853297192980775,"Date: Dec 31<br>R: 0.85<br>CI: [0.84, 0.85]"
India,tt,2021-01-01,0.915609791655352,0.909878677666495,0.921358650221801,"Date: Jan 01<br>R: 0.92<br>CI: [0.91, 0.92]"
India,tt,2021-01-02,0.950924947804128,0.945034790394807,0.956833151652662,"Date: Jan 02<br>R: 0.95<br>CI: [0.95, 0.96]"
India,tt,2021-01-03,0.923800949173803,0.917964902421134,0.929655233608037,"Date: Jan 03<br>R: 0.92<br>CI: [0.92, 0.93]"
India,tt,2021-01-04,0.880462466305283,0.874728577325359,0.886214828402846,"Date: Jan 04<br>R: 0.88<br>CI: [0.87, 0.89]"
India,tt,2021-01-05,0.889453439096797,0.883624888964063,0.895300884759609,"Date: Jan 05<br>R: 0.89<br>CI: [0.88, 0.90]"
India,tt,2021-01-06,0.914172615941913,0.908192551470591,0.9201720331453,"Date: Jan 06<br>R: 0.91<br>CI: [0.91, 0.92]"
India,tt,2021-01-07,0.930922674644825,0.924832326047655,0.937032735193344,"Date: Jan 07<br>R: 0.93<br>CI: [0.92, 0.94]"
India,tt,2021-01-08,0.962782048333891,0.956544740750901,0.969039345857897,"Date: Jan 08<br>R: 0.96<br>CI: [0.96, 0.97]"
India,tt,2021-01-09,0.997729311139459,0.991353667251545,1.0041251090406,"Date: Jan 09<br>R: 1.00<br>CI: [0.99, 1.00]"
India,tt,2021-01-10,0.979082622017692,0.972764519148735,0.985420894322984,"Date: Jan 10<br>R: 0.98<br>CI: [0.97, 0.99]"
India,tt,2021-01-11,0.895810895821305,0.889761771259057,0.901880230692668,"Date: Jan 11<br>R: 0.90<br>CI: [0.89, 0.90]"
India,tt,2021-01-12,0.88749411699383,0.881420456818186,0.893588343618951,"Date: Jan 12<br>R: 0.89<br>CI: [0.88, 0.89]"
India,tt,2021-01-13,0.893603771132294,0.887433881687268,0.899794739417792,"Date: Jan 13<br>R: 0.89<br>CI: [0.89, 0.90]"
India,tt,2021-01-14,0.878231859473136,0.872046057043524,0.884439221953883,"Date: Jan 14<br>R: 0.88<br>CI: [0.87, 0.88]"
India,tt,2021-01-15,0.888949297578829,0.882649956419007,0.89527072841613,"Date: Jan 15<br>R: 0.89<br>CI: [0.88, 0.90]"
India,tt,2021-01-16,0.940859429342001,0.934301628789554,0.947439847296811,"Date: Jan 16<br>R: 0.94<br>CI: [0.93, 0.95]"
India,tt,2021-01-17,0.930663258776923,0.924095271610005,0.93725418322246,"Date: Jan 17<br>R: 0.93<br>CI: [0.92, 0.94]"
India,tt,2021-01-18,0.855845325285703,0.849509245138122,0.862204621597267,"Date: Jan 18<br>R: 0.86<br>CI: [0.85, 0.86]"
India,tt,2021-01-19,0.854565648184475,0.848151811739933,0.861003310937035,"Date: Jan 19<br>R: 0.85<br>CI: [0.85, 0.86]"
India,tt,2021-01-20,0.883566401465035,0.87694093549132,0.890216457443482,"Date: Jan 20<br>R: 0.88<br>CI: [0.88, 0.89]"
India,tt,2021-01-21,0.898901997715377,0.892133939055327,0.905695278835867,"Date: Jan 21<br>R: 0.90<br>CI: [0.89, 0.91]"
India,tt,2021-01-22,0.922499997630725,0.915572725523302,0.929453016663524,"Date: Jan 22<br>R: 0.92<br>CI: [0.92, 0.93]"
India,tt,2021-01-23,1.00531237197525,0.998021811016411,1.01262909865395,"Date: Jan 23<br>R: 1.01<br>CI: [1.00, 1.01]"
India,tt,2021-01-24,0.999198501919473,0.991924541603227,1.00649866866711,"Date: Jan 24<br>R: 1.00<br>CI: [0.99, 1.01]"
India,tt,2021-01-25,0.911215387606273,0.90427903492106,0.9181778757868,"Date: Jan 25<br>R: 0.91<br>CI: [0.90, 0.92]"
India,tt,2021-01-26,0.898965118963455,0.892029045033815,0.905927683769477,"Date: Jan 26<br>R: 0.90<br>CI: [0.89, 0.91]"
India,tt,2021-01-27,0.879300598132658,0.872365640833316,0.886262632328205,"Date: Jan 27<br>R: 0.88<br>CI: [0.87, 0.89]"
India,tt,2021-01-28,0.959778008093026,0.95244350025895,0.967140259794675,"Date: Jan 28<br>R: 0.96<br>CI: [0.95, 0.97]"
India,tt,2021-01-29,0.969169919463296,0.961753579772645,0.976614350812572,"Date: Jan 29<br>R: 0.97<br>CI: [0.96, 0.98]"
India,tt,2021-01-30,1.03287561649631,1.0252012896536,1.04057816501141,"Date: Jan 30<br>R: 1.03<br>CI: [1.03, 1.04]"
India,tt,2021-01-31,1.01030579726071,1.0027331339197,1.01790655428804,"Date: Jan 31<br>R: 1.01<br>CI: [1.00, 1.02]"
India,tt,2021-02-01,0.961236559560682,0.953869217010557,0.968631852776352,"Date: Feb 01<br>R: 0.96<br>CI: [0.95, 0.97]"
India,tt,2021-02-02,0.849285771945376,0.842342050530774,0.856257602122292,"Date: Feb 02<br>R: 0.85<br>CI: [0.84, 0.86]"
India,tt,2021-02-03,0.870423077409639,0.86329852121697,0.877576507021529,"Date: Feb 03<br>R: 0.87<br>CI: [0.86, 0.88]"
India,tt,2021-02-04,0.887049567307063,0.879745907617943,0.894383002327912,"Date: Feb 04<br>R: 0.89<br>CI: [0.88, 0.89]"
India,tt,2021-02-05,0.911581141906246,0.904087678862205,0.919105104284858,"Date: Feb 05<br>R: 0.91<br>CI: [0.90, 0.92]"
India,tt,2021-02-06,0.986287695705261,0.978418541497603,0.99418793276956,"Date: Feb 06<br>R: 0.99<br>CI: [0.98, 0.99]"
India,tt,2021-02-07,1.00452080404298,0.996557901790793,1.01251495565748,"Date: Feb 07<br>R: 1.00<br>CI: [1.00, 1.01]"
India,tt,2021-02-08,0.932881389130275,0.925217221015352,0.9405767334437,"Date: Feb 08<br>R: 0.93<br>CI: [0.93, 0.94]"
India,tt,2021-02-09,0.913887677135443,0.906266679326431,0.921540143516215,"Date: Feb 09<br>R: 0.91<br>CI: [0.91, 0.92]"
India,tt,2021-02-10,0.944501115378196,0.936683320989562,0.95235095023375,"Date: Feb 10<br>R: 0.94<br>CI: [0.94, 0.95]"
India,tt,2021-02-11,0.910507466072387,0.902781195713379,0.918266202827873,"Date: Feb 11<br>R: 0.91<br>CI: [0.90, 0.92]"
India,tt,2021-02-12,0.931333530636779,0.923456461683361,0.939243590618166,"Date: Feb 12<br>R: 0.93<br>CI: [0.92, 0.94]"
India,tt,2021-02-13,1.00764494760258,0.999386593382365,1.01593681338971,"Date: Feb 13<br>R: 1.01<br>CI: [1.00, 1.02]"
India,tt,2021-02-14,1.02620734397471,1.01786778716569,1.03458045531465,"Date: Feb 14<br>R: 1.03<br>CI: [1.02, 1.03]"
India,tt,2021-02-15,0.958718496123409,0.950684791188677,0.966785535682839,"Date: Feb 15<br>R: 0.96<br>CI: [0.95, 0.97]"
India,tt,2021-02-16,1.00247252851326,0.994239309563816,1.01073922749089,"Date: Feb 16<br>R: 1.00<br>CI: [0.99, 1.01]"
India,tt,2021-02-17,1.01797488482053,1.00966716501512,1.02631617331593,"Date: Feb 17<br>R: 1.02<br>CI: [1.01, 1.03]"
India,tt,2021-02-18,1.0322436801654,1.0238945269062,1.04062626791728,"Date: Feb 18<br>R: 1.03<br>CI: [1.02, 1.04]"
India,tt,2021-02-19,1.06438082163374,1.05592961156306,1.07286525179967,"Date: Feb 19<br>R: 1.06<br>CI: [1.06, 1.07]"
India,tt,2021-02-20,1.13524890825186,1.12657294436799,1.14395769226763,"Date: Feb 20<br>R: 1.14<br>CI: [1.13, 1.14]"
India,tt,2021-02-21,1.14662069242492,1.13800892477186,1.15526447352007,"Date: Feb 21<br>R: 1.15<br>CI: [1.14, 1.16]"
India,tt,2021-02-22,1.07329981938088,1.06509454160495,1.08153614718623,"Date: Feb 22<br>R: 1.07<br>CI: [1.07, 1.08]"
India,tt,2021-02-23,1.06075364901799,1.05267164961193,1.06886612835858,"Date: Feb 23<br>R: 1.06<br>CI: [1.05, 1.07]"
India,tt,2021-02-24,1.09675131895669,1.08857941692543,1.10495335748986,"Date: Feb 24<br>R: 1.10<br>CI: [1.09, 1.10]"
India,tt,2021-02-25,1.11992064105836,1.11173360570773,1.12813729677881,"Date: Feb 25<br>R: 1.12<br>CI: [1.11, 1.13]"
India,tt,2021-02-26,1.13434310558279,1.12619943213134,1.14251571196276,"Date: Feb 26<br>R: 1.13<br>CI: [1.13, 1.14]"
India,tt,2021-02-27,1.19840935431391,1.1901489386887,1.20669794293534,"Date: Feb 27<br>R: 1.20<br>CI: [1.19, 1.21]"
India,tt,2021-02-28,1.1826667926323,1.17461072958656,1.19075000758152,"Date: Feb 28<br>R: 1.18<br>CI: [1.17, 1.19]"
India,tt,2021-03-01,1.0740015750988,1.06647031605811,1.08155896720934,"Date: Mar 01<br>R: 1.07<br>CI: [1.07, 1.08]"
India,tt,2021-03-02,1.03179564693597,1.02448491848756,1.03913200862659,"Date: Mar 02<br>R: 1.03<br>CI: [1.02, 1.04]"
India,tt,2021-03-03,1.03752358378003,1.03021344972714,1.04485920491284,"Date: Mar 03<br>R: 1.04<br>CI: [1.03, 1.04]"
India,tt,2021-03-04,1.03192697466302,1.02465716692262,1.03922212575656,"Date: Mar 04<br>R: 1.03<br>CI: [1.02, 1.04]"
India,tt,2021-03-05,1.06168493465692,1.05433329549846,1.06906176299155,"Date: Mar 05<br>R: 1.06<br>CI: [1.05, 1.07]"
India,tt,2021-03-06,1.13551293475332,1.12794932032358,1.14310147510128,"Date: Mar 06<br>R: 1.14<br>CI: [1.13, 1.14]"
India,tt,2021-03-07,1.1552340930124,1.14769669296545,1.16279582228275,"Date: Mar 07<br>R: 1.16<br>CI: [1.15, 1.16]"
India,tt,2021-03-08,1.09351566980297,1.08629746882727,1.10075744321561,"Date: Mar 08<br>R: 1.09<br>CI: [1.09, 1.10]"
India,tt,2021-03-09,1.08249437200095,1.07539112348004,1.08962068010911,"Date: Mar 09<br>R: 1.08<br>CI: [1.08, 1.09]"
India,tt,2021-03-10,1.11981199251964,1.11264377096398,1.12700291305244,"Date: Mar 10<br>R: 1.12<br>CI: [1.11, 1.13]"
India,tt,2021-03-11,1.14929035754938,1.142106859449,1.15649606512363,"Date: Mar 11<br>R: 1.15<br>CI: [1.14, 1.16]"
India,tt,2021-03-12,1.1870151423641,1.1798193970818,1.19423246264773,"Date: Mar 12<br>R: 1.19<br>CI: [1.18, 1.19]"
India,tt,2021-03-13,1.25269203882965,1.2454313843192,1.25997350494136,"Date: Mar 13<br>R: 1.25<br>CI: [1.25, 1.26]"
India,tt,2021-03-14,1.28469866790013,1.27751916494147,1.29189801083217,"Date: Mar 14<br>R: 1.28<br>CI: [1.28, 1.29]"
India,tt,2021-03-15,1.23055587962349,1.2237229238712,1.23740759662658,"Date: Mar 15<br>R: 1.23<br>CI: [1.22, 1.24]"
India,tt,2021-03-16,1.22489634859686,1.21824215965161,1.23156841109738,"Date: Mar 16<br>R: 1.22<br>CI: [1.22, 1.23]"
India,tt,2021-03-17,1.27193805800071,1.26530315925853,1.27859006777399,"Date: Mar 17<br>R: 1.27<br>CI: [1.27, 1.28]"
India,tt,2021-03-18,1.33332956388485,1.3267073393389,1.33996804729246,"Date: Mar 18<br>R: 1.33<br>CI: [1.33, 1.34]"
India,tt,2021-03-19,1.36773203522203,1.36123298882965,1.37424634573758,"Date: Mar 19<br>R: 1.37<br>CI: [1.36, 1.37]"
India,tt,2021-03-20,1.41932941643113,1.41293966325031,1.42573338651076,"Date: Mar 20<br>R: 1.42<br>CI: [1.41, 1.43]"
India,tt,2021-03-21,1.43647233996636,1.43029458935846,1.44266321983014,"Date: Mar 21<br>R: 1.44<br>CI: [1.43, 1.44]"
India,tt,2021-03-22,1.35082453338285,1.34508115247267,1.35657998137966,"Date: Mar 22<br>R: 1.35<br>CI: [1.35, 1.36]"
India,tt,2021-03-23,1.30192570061306,1.29648613857591,1.30737649296588,"Date: Mar 23<br>R: 1.30<br>CI: [1.30, 1.31]"
India,tt,2021-03-24,1.29689965888378,1.291629021651,1.30218088001486,"Date: Mar 24<br>R: 1.30<br>CI: [1.29, 1.30]"
India,tt,2021-03-25,1.30580842756477,1.30066779213273,1.31095906190485,"Date: Mar 25<br>R: 1.31<br>CI: [1.30, 1.31]"
India,tt,2021-03-26,1.30741693472384,1.30242164894255,1.31242164981863,"Date: Mar 26<br>R: 1.31<br>CI: [1.30, 1.31]"
India,tt,2021-03-27,1.33491801422258,1.33001849564196,1.33982641649337,"Date: Mar 27<br>R: 1.33<br>CI: [1.33, 1.34]"
India,tt,2021-03-28,1.34475458783251,1.3399911286889,1.34952638216664,"Date: Mar 28<br>R: 1.34<br>CI: [1.34, 1.35]"
India,tt,2021-03-29,1.26907318487502,1.26459775718902,1.27355640893602,"Date: Mar 29<br>R: 1.27<br>CI: [1.26, 1.27]"
India,tt,2021-03-30,1.17754137061663,1.17334883436919,1.18174128072695,"Date: Mar 30<br>R: 1.18<br>CI: [1.17, 1.18]"
India,tt,2021-03-31,1.17148367964918,1.16737886053985,1.17559560364679,"Date: Mar 31<br>R: 1.17<br>CI: [1.17, 1.18]"
India,tt,2021-04-01,1.20309635999266,1.19900187462177,1.20719772843161,"Date: Apr 01<br>R: 1.20<br>CI: [1.20, 1.21]"
India,tt,2021-04-02,1.23131052339536,1.22724574186772,1.23538193271279,"Date: Apr 02<br>R: 1.23<br>CI: [1.23, 1.24]"
India,tt,2021-04-03,1.30119001360792,1.29710298340267,1.30528338400609,"Date: Apr 03<br>R: 1.30<br>CI: [1.30, 1.31]"
India,tt,2021-04-04,1.38998759822435,1.38588035705143,1.39410083284913,"Date: Apr 04<br>R: 1.39<br>CI: [1.39, 1.39]"
India,tt,2021-04-05,1.3638063085092,1.35988401865578,1.36773416890232,"Date: Apr 05<br>R: 1.36<br>CI: [1.36, 1.37]"
India,tt,2021-04-06,1.3600894480893,1.35631338065553,1.36387069232106,"Date: Apr 06<br>R: 1.36<br>CI: [1.36, 1.36]"
India,tt,2021-04-07,1.36342096051844,1.35976973711727,1.36707701200499,"Date: Apr 07<br>R: 1.36<br>CI: [1.36, 1.37]"
India,tt,2021-04-08,1.36328154285032,1.3597564782421,1.36681110791847,"Date: Apr 08<br>R: 1.36<br>CI: [1.36, 1.37]"
India,tt,2021-04-09,1.36179498396868,1.35839354000574,1.36520062266464,"Date: Apr 09<br>R: 1.36<br>CI: [1.36, 1.37]"
India,tt,2021-04-10,1.38531849502613,1.3820057534334,1.38863514765708,"Date: Apr 10<br>R: 1.39<br>CI: [1.38, 1.39]"
India,tt,2021-04-11,1.39207049322661,1.38886923682817,1.3952753839737,"Date: Apr 11<br>R: 1.39<br>CI: [1.39, 1.40]"
India,tt,2021-04-12,1.35202611815088,1.3489884155143,1.35506719009761,"Date: Apr 12<br>R: 1.35<br>CI: [1.35, 1.36]"
India,tt,2021-04-13,1.34942957081529,1.34649887509894,1.35236340856437,"Date: Apr 13<br>R: 1.35<br>CI: [1.35, 1.35]"
India,tt,2021-04-14,1.34672829494575,1.34389694798478,1.34956258030577,"Date: Apr 14<br>R: 1.35<br>CI: [1.34, 1.35]"
India,tt,2021-04-15,1.35260351059494,1.34985950119788,1.35535026781936,"Date: Apr 15<br>R: 1.35<br>CI: [1.35, 1.36]"
India,tt,2021-04-16,1.35080348772072,1.34815266678095,1.35345687635384,"Date: Apr 16<br>R: 1.35<br>CI: [1.35, 1.35]"
India,tt,2021-04-17,1.38876111000373,1.38616304726619,1.39136157172119,"Date: Apr 17<br>R: 1.39<br>CI: [1.39, 1.39]"
India,tt,2021-04-18,1.39615004358573,1.3936388696259,1.39866344680659,"Date: Apr 18<br>R: 1.40<br>CI: [1.39, 1.40]"
India,tt,2021-04-19,1.35566970694984,1.35328826583237,1.35805321276378,"Date: Apr 19<br>R: 1.36<br>CI: [1.35, 1.36]"
India,tt,2021-04-20,1.34206213111805,1.33977478132888,1.34435140493678,"Date: Apr 20<br>R: 1.34<br>CI: [1.34, 1.34]"
India,tt,2021-04-21,1.33397716711322,1.33177079793872,1.33618533729868,"Date: Apr 21<br>R: 1.33<br>CI: [1.33, 1.34]"
India,tt,2021-04-22,1.31427863719284,1.31215828205258,1.31640068055464,"Date: Apr 22<br>R: 1.31<br>CI: [1.31, 1.32]"
India,tt,2021-04-23,1.29476384222799,1.29272298410825,1.29680628789543,"Date: Apr 23<br>R: 1.29<br>CI: [1.29, 1.30]"
India,tt,2021-04-24,1.295092371424,1.29310916357541,1.29707707798328,"Date: Apr 24<br>R: 1.30<br>CI: [1.29, 1.30]"
India,tt,2021-04-25,1.26861701201665,1.26670915153773,1.27052628841616,"Date: Apr 25<br>R: 1.27<br>CI: [1.27, 1.27]"
India,tt,2021-04-26,1.20546698339944,1.20365607583883,1.20727923345635,"Date: Apr 26<br>R: 1.21<br>CI: [1.20, 1.21]"
India,tt,2021-04-27,1.17633043279245,1.17457886352612,1.17808328911736,"Date: Apr 27<br>R: 1.18<br>CI: [1.17, 1.18]"
India,tt,2021-04-28,1.15905344943276,1.15734435247633,1.160763790044,"Date: Apr 28<br>R: 1.16<br>CI: [1.16, 1.16]"
India,tt,2021-04-29,1.14776617694199,1.14609153942607,1.14944202020104,"Date: Apr 29<br>R: 1.15<br>CI: [1.15, 1.15]"
India,tt,2021-04-30,1.1445183122987,1.14286991061884,1.14616788554227,"Date: Apr 30<br>R: 1.14<br>CI: [1.14, 1.15]"
India,tt,2021-05-01,1.15687880892214,1.15524456053386,1.15851419652334,"Date: May 01<br>R: 1.16<br>CI: [1.16, 1.16]"
India,tt,2021-05-02,1.12684607063057,1.12525720768998,1.12843603908542,"Date: May 02<br>R: 1.13<br>CI: [1.13, 1.13]"
India,tt,2021-05-03,1.08408094202414,1.08254293950368,1.0856200212833,"Date: May 03<br>R: 1.08<br>CI: [1.08, 1.09]"
India,tt,2021-05-04,1.06291372329101,1.06140419710493,1.06442430736961,"Date: May 04<br>R: 1.06<br>CI: [1.06, 1.06]"
India,tt,2021-05-05,1.05596462309749,1.05446912696481,1.05746116438018,"Date: May 05<br>R: 1.06<br>CI: [1.05, 1.06]"
India,tt,2021-05-06,1.056819038985,1.0553307448088,1.05830836742812,"Date: May 06<br>R: 1.06<br>CI: [1.06, 1.06]"
India,tt,2021-05-07,1.06549312492188,1.06400667821771,1.06698059492118,"Date: May 07<br>R: 1.07<br>CI: [1.06, 1.07]"
India,tt,2021-05-08,1.07803939788132,1.07655342872607,1.07952637776447,"Date: May 08<br>R: 1.08<br>CI: [1.08, 1.08]"
India,tt,2021-05-09,1.05338315161754,1.05192524459625,1.05484205432801,"Date: May 09<br>R: 1.05<br>CI: [1.05, 1.05]"
India,tt,2021-05-10,0.997753984105261,0.996343514792456,0.999165437340053,"Date: May 10<br>R: 1.00<br>CI: [1.00, 1.00]"
India,tt,2021-05-11,0.962387320762141,0.961002966648115,0.963772657543847,"Date: May 11<br>R: 0.96<br>CI: [0.96, 0.96]"
India,tt,2021-05-12,0.946685834630043,0.945307528481722,0.948065131043359,"Date: May 12<br>R: 0.95<br>CI: [0.95, 0.95]"
India,tt,2021-05-13,0.925541357637069,0.924170636985144,0.926913080071347,"Date: May 13<br>R: 0.93<br>CI: [0.92, 0.93]"
India,tt,2021-05-14,0.918128041145795,0.916752415200756,0.919504684211479,"Date: May 14<br>R: 0.92<br>CI: [0.92, 0.92]"
India,tt,2021-05-15,0.92397706236127,0.922585029171753,0.925370130489824,"Date: May 15<br>R: 0.92<br>CI: [0.92, 0.93]"
India,tt,2021-05-16,0.902138300739324,0.900751550529791,0.903526102926966,"Date: May 16<br>R: 0.90<br>CI: [0.90, 0.90]"
India,tt,2021-05-17,0.863141070080321,0.861771631841179,0.864511580571931,"Date: May 17<br>R: 0.86<br>CI: [0.86, 0.86]"
India,tt,2021-05-18,0.842680372940641,0.841308908063141,0.84405293938082,"Date: May 18<br>R: 0.84<br>CI: [0.84, 0.84]"
India,tt,2021-05-19,0.840554383108756,0.839162124388465,0.84194777993574,"Date: May 19<br>R: 0.84<br>CI: [0.84, 0.84]"
India,tt,2021-05-20,0.837236308427422,0.83582329783234,0.83865049597357,"Date: May 20<br>R: 0.84<br>CI: [0.84, 0.84]"
India,tt,2021-05-21,0.85009048061123,0.848642537672497,0.851539640735282,"Date: May 21<br>R: 0.85<br>CI: [0.85, 0.85]"
India,tt,2021-05-22,0.862629860907381,0.861148123590962,0.864112854369469,"Date: May 22<br>R: 0.86<br>CI: [0.86, 0.86]"
India,tt,2021-05-23,0.857077285846074,0.855579304381741,0.858576559485606,"Date: May 23<br>R: 0.86<br>CI: [0.86, 0.86]"
India,tt,2021-05-24,0.825419370490127,0.823928288630097,0.8269117817922,"Date: May 24<br>R: 0.83<br>CI: [0.82, 0.83]"
India,tt,2021-05-25,0.817687650986535,0.816177947680416,0.819198730061321,"Date: May 25<br>R: 0.82<br>CI: [0.82, 0.82]"
India,tt,2021-05-26,0.814653393582299,0.813117755886488,0.816190460049031,"Date: May 26<br>R: 0.81<br>CI: [0.81, 0.82]"
India,tt,2021-05-27,0.803396834647137,0.80184247348214,0.804952680182812,"Date: May 27<br>R: 0.80<br>CI: [0.80, 0.80]"
India,tt,2021-05-28,0.796406085998834,0.794827275293711,0.797986441618256,"Date: May 28<br>R: 0.80<br>CI: [0.79, 0.80]"
India,tt,2021-05-29,0.804405279572524,0.80278505714576,0.806027112867527,"Date: May 29<br>R: 0.80<br>CI: [0.80, 0.81]"
India,tt,2021-05-30,0.788564260195296,0.786927130787728,0.790203067355241,"Date: May 30<br>R: 0.79<br>CI: [0.79, 0.79]"
India,tt,2021-05-31,0.744538173588255,0.742913339328273,0.746164758311072,"Date: May 31<br>R: 0.74<br>CI: [0.74, 0.75]"
India,tt,2021-06-01,0.732056632949016,0.730403865223893,0.733711242789678,"Date: Jun 01<br>R: 0.73<br>CI: [0.73, 0.73]"
India,tt,2021-06-02,0.733162816250141,0.731461720514175,0.734865860521926,"Date: Jun 02<br>R: 0.73<br>CI: [0.73, 0.73]"
India,tt,2021-06-03,0.739535752705226,0.737778921295139,0.741294644575346,"Date: Jun 03<br>R: 0.74<br>CI: [0.74, 0.74]"
India,tt,2021-06-04,0.742879575836819,0.741070455724745,0.744690871114813,"Date: Jun 04<br>R: 0.74<br>CI: [0.74, 0.74]"
India,tt,2021-06-05,0.768247485636531,0.766358414714418,0.770138849940962,"Date: Jun 05<br>R: 0.77<br>CI: [0.77, 0.77]"
India,tt,2021-06-06,0.765800007913479,0.763867722904999,0.767734700175759,"Date: Jun 06<br>R: 0.77<br>CI: [0.76, 0.77]"
India,tt,2021-06-07,0.73832500668789,0.736382735537944,0.740269800679966,"Date: Jun 07<br>R: 0.74<br>CI: [0.74, 0.74]"
India,tt,2021-06-08,0.722295772171012,0.720323915959614,0.724270286502943,"Date: Jun 08<br>R: 0.72<br>CI: [0.72, 0.72]"
India,tt,2021-06-09,0.7252527466752,0.723219685349362,0.727288622276212,"Date: Jun 09<br>R: 0.73<br>CI: [0.72, 0.73]"
India,tt,2021-06-10,0.732374803691361,0.730272485431221,0.734480102066086,"Date: Jun 10<br>R: 0.73<br>CI: [0.73, 0.73]"
India,tt,2021-06-11,0.746402907796961,0.744221011341836,0.748587953999225,"Date: Jun 11<br>R: 0.75<br>CI: [0.74, 0.75]"
India,tt,2021-06-12,0.777304033290206,0.775018336383208,0.779593049377317,"Date: Jun 12<br>R: 0.78<br>CI: [0.78, 0.78]"
India,tt,2021-06-13,0.774122648285553,0.771788307587802,0.776460465299371,"Date: Jun 13<br>R: 0.77<br>CI: [0.77, 0.78]"
India,tt,2021-06-14,0.744502254469719,0.742161345237317,0.746846798927421,"Date: Jun 14<br>R: 0.74<br>CI: [0.74, 0.75]"
India,tt,2021-06-15,0.723347859691399,0.720981359794684,0.725718183618404,"Date: Jun 15<br>R: 0.72<br>CI: [0.72, 0.73]"
India,tt,2021-06-16,0.728511711838227,0.726068714661286,0.730958755542777,"Date: Jun 16<br>R: 0.73<br>CI: [0.73, 0.73]"
India,tt,2021-06-17,0.730161720321875,0.727645608581205,0.732682114921601,"Date: Jun 17<br>R: 0.73<br>CI: [0.73, 0.73]"
India,tt,2021-06-18,0.747371858572229,0.744754666585384,0.749993577860638,"Date: Jun 18<br>R: 0.75<br>CI: [0.74, 0.75]"
India,tt,2021-06-19,0.784143686772503,0.781391593775416,0.786900551075265,"Date: Jun 19<br>R: 0.78<br>CI: [0.78, 0.79]"
India,tt,2021-06-20,0.795903193141593,0.793067479760022,0.798743897465221,"Date: Jun 20<br>R: 0.80<br>CI: [0.79, 0.80]"
India,tt,2021-06-21,0.761364935185874,0.758534664693145,0.764200403415723,"Date: Jun 21<br>R: 0.76<br>CI: [0.76, 0.76]"
India,tt,2021-06-22,0.764061149534957,0.761159512024062,0.766968231153958,"Date: Jun 22<br>R: 0.76<br>CI: [0.76, 0.77]"
India,tt,2021-06-23,0.782931936096259,0.779921896616777,0.78594769298132,"Date: Jun 23<br>R: 0.78<br>CI: [0.78, 0.79]"
India,tt,2021-06-24,0.797009782256358,0.793903731292204,0.800121813802129,"Date: Jun 24<br>R: 0.80<br>CI: [0.79, 0.80]"
India,tt,2021-06-25,0.816740082389198,0.813530288750909,0.819956108599959,"Date: Jun 25<br>R: 0.82<br>CI: [0.81, 0.82]"
India,tt,2021-06-26,0.872295637374206,0.86891586531522,0.875681879312715,"Date: Jun 26<br>R: 0.87<br>CI: [0.87, 0.88]"
India,tt,2021-06-27,0.881270093755385,0.877826506180801,0.88472032955,"Date: Jun 27<br>R: 0.88<br>CI: [0.88, 0.88]"
India,tt,2021-06-28,0.839163216090141,0.835765574606866,0.842567654791154,"Date: Jun 28<br>R: 0.84<br>CI: [0.84, 0.84]"
India,tt,2021-06-29,0.843936138684421,0.840477895040666,0.84740138452995,"Date: Jun 29<br>R: 0.84<br>CI: [0.84, 0.85]"
India,tt,2021-06-30,0.871209969843395,0.867638698758769,0.874788474555529,"Date: Jun 30<br>R: 0.87<br>CI: [0.87, 0.87]"
India,tt,2021-07-01,0.883050030350476,0.879405703156629,0.886701789253814,"Date: Jul 01<br>R: 0.88<br>CI: [0.88, 0.89]"
India,tt,2021-07-02,0.894400480388945,0.890690025520006,0.898118541431391,"Date: Jul 02<br>R: 0.89<br>CI: [0.89, 0.90]"
India,tt,2021-07-03,0.937902753324828,0.934062782871619,0.941750492153779,"Date: Jul 03<br>R: 0.94<br>CI: [0.93, 0.94]"
India,tt,2021-07-04,0.926017582536244,0.922175988743129,0.929867051275424,"Date: Jul 04<br>R: 0.93<br>CI: [0.92, 0.93]"
India,tt,2021-07-05,0.876519059356246,0.872757760133581,0.880288334649827,"Date: Jul 05<br>R: 0.88<br>CI: [0.87, 0.88]"
India,tt,2021-07-06,0.884432532412741,0.880611360333765,0.888261862974152,"Date: Jul 06<br>R: 0.88<br>CI: [0.88, 0.89]"
India,tt,2021-07-07,0.913391603874716,0.909459766595069,0.917331805106839,"Date: Jul 07<br>R: 0.91<br>CI: [0.91, 0.92]"
India,tt,2021-07-08,0.93275205317183,0.928741492013321,0.936771135917863,"Date: Jul 08<br>R: 0.93<br>CI: [0.93, 0.94]"
India,tt,2021-07-09,0.956936840714092,0.952846946174398,0.961035373226793,"Date: Jul 09<br>R: 0.96<br>CI: [0.95, 0.96]"
India,tt,2021-07-10,0.999827546011237,0.995628324949475,1.0040354820726,"Date: Jul 10<br>R: 1.00<br>CI: [1.00, 1.00]"
India,tt,2021-07-11,0.971593058286101,0.967451921655284,0.975742917057707,"Date: Jul 11<br>R: 0.97<br>CI: [0.97, 0.98]"
India,tt,2021-07-12,0.905693917772772,0.90169002837933,0.909706554690498,"Date: Jul 12<br>R: 0.91<br>CI: [0.90, 0.91]"
India,tt,2021-07-13,0.90570796714633,0.901671087904144,0.909753738678329,"Date: Jul 13<br>R: 0.91<br>CI: [0.90, 0.91]"
India,tt,2021-07-14,0.92038570349964,0.916273801773948,0.924506684018278,"Date: Jul 14<br>R: 0.92<br>CI: [0.92, 0.92]"
India,tt,2021-07-15,0.924445190976873,0.920288878538136,0.928610738775823,"Date: Jul 15<br>R: 0.92<br>CI: [0.92, 0.93]"
India,tt,2021-07-16,0.940947806680893,0.936722448146278,0.945182542542367,"Date: Jul 16<br>R: 0.94<br>CI: [0.94, 0.95]"
India,tt,2021-07-17,1.00524309175996,1.00084824057488,1.0096474382564,"Date: Jul 17<br>R: 1.01<br>CI: [1.00, 1.01]"
India,tt,2021-07-18,0.996448084002762,0.992069997312341,1.00083567697479,"Date: Jul 18<br>R: 1.00<br>CI: [0.99, 1.00]"
India,tt,2021-07-19,0.933042512213318,0.928809522514959,0.937284993095508,"Date: Jul 19<br>R: 0.93<br>CI: [0.93, 0.94]"
India,tt,2021-07-20,0.958322112319607,0.95400964798108,0.962644167550537,"Date: Jul 20<br>R: 0.96<br>CI: [0.95, 0.96]"
India,tt,2021-07-21,0.987084641507088,0.982684005807975,0.991494973079883,"Date: Jul 21<br>R: 0.99<br>CI: [0.98, 0.99]"
India,tt,2021-07-22,0.957430238815707,0.95308901728462,0.961781188795865,"Date: Jul 22<br>R: 0.96<br>CI: [0.95, 0.96]"
India,tt,2021-07-23,0.969730070065911,0.965346807246925,0.974123124807446,"Date: Jul 23<br>R: 0.97<br>CI: [0.97, 0.97]"
India,tt,2021-07-24,1.03329033694378,1.02874929145108,1.03784124491798,"Date: Jul 24<br>R: 1.03<br>CI: [1.03, 1.04]"
India,tt,2021-07-25,1.00840944021433,1.00393302980235,1.01289567102879,"Date: Jul 25<br>R: 1.01<br>CI: [1.00, 1.01]"
India,tt,2021-07-26,0.947814015146788,0.943484038716026,0.952153768048878,"Date: Jul 26<br>R: 0.95<br>CI: [0.94, 0.95]"
India,tt,2021-07-27,0.9977143688768,0.993253722046658,1.002184871752,"Date: Jul 27<br>R: 1.00<br>CI: [0.99, 1.00]"
India,tt,2021-07-28,1.02091638144539,1.01639494608004,1.02544771296979,"Date: Jul 28<br>R: 1.02<br>CI: [1.02, 1.03]"
India,tt,2021-07-29,1.03941801886172,1.0348653818856,1.04398051022209,"Date: Jul 29<br>R: 1.04<br>CI: [1.03, 1.04]"
India,tt,2021-07-30,1.04846595769992,1.04391133405319,1.05303035904497,"Date: Jul 30<br>R: 1.05<br>CI: [1.04, 1.05]"
India,tt,2021-07-31,1.0948338426775,1.09020276506435,1.09947460033494,"Date: Jul 31<br>R: 1.09<br>CI: [1.09, 1.10]"
India,tt,2021-08-01,1.06416821375094,1.0596420697792,1.06870387062178,"Date: Aug 01<br>R: 1.06<br>CI: [1.06, 1.07]"
India,tt,2021-08-02,0.983161409103904,0.978844598206424,0.987487586930414,"Date: Aug 02<br>R: 0.98<br>CI: [0.98, 0.99]"
India,tt,2021-08-03,0.972855058203623,0.968560339471087,0.977159146565996,"Date: Aug 03<br>R: 0.97<br>CI: [0.97, 0.98]"
India,tt,2021-08-04,0.986212825993821,0.981873418121663,0.990561669874148,"Date: Aug 04<br>R: 0.99<br>CI: [0.98, 0.99]"
India,tt,2021-08-05,1.00560523761992,1.00121428945042,1.01000566080388,"Date: Aug 05<br>R: 1.01<br>CI: [1.00, 1.01]"
India,tt,2021-08-06,0.99574823261828,0.991379392483038,1.00012654554698,"Date: Aug 06<br>R: 1.00<br>CI: [0.99, 1.00]"
India,tt,2021-08-07,1.04074930129918,1.03628255350471,1.04522552261598,"Date: Aug 07<br>R: 1.04<br>CI: [1.04, 1.05]"
India,tt,2021-08-08,1.00222662389768,0.997856557992084,1.00660610652008,"Date: Aug 08<br>R: 1.00<br>CI: [1.00, 1.01]"
India,tt,2021-08-09,0.922841185175604,0.918654712226875,0.927037044478767,"Date: Aug 09<br>R: 0.92<br>CI: [0.92, 0.93]"
India,tt,2021-08-10,0.901591844477428,0.897427062493336,0.905766135130383,"Date: Aug 10<br>R: 0.90<br>CI: [0.90, 0.91]"
India,tt,2021-08-11,0.935794463203383,0.931505905002871,0.940092734986493,"Date: Aug 11<br>R: 0.94<br>CI: [0.93, 0.94]"
India,tt,2021-08-12,0.955903017332409,0.951534399903057,0.960281502298857,"Date: Aug 12<br>R: 0.96<br>CI: [0.95, 0.96]"
India,tt,2021-08-13,0.979236025072708,0.974793597561644,0.98368841307329,"Date: Aug 13<br>R: 0.98<br>CI: [0.97, 0.98]"
India,tt,2021-08-14,1.02986586045538,1.02529916053974,1.03444256796431,"Date: Aug 14<br>R: 1.03<br>CI: [1.03, 1.03]"
India,tt,2021-08-15,0.998183091890218,0.9936975211741,1.00267862453324,"Date: Aug 15<br>R: 1.00<br>CI: [0.99, 1.00]"
India,tt,2021-08-16,0.907034614746489,0.902764442646359,0.911314723292528,"Date: Aug 16<br>R: 0.91<br>CI: [0.90, 0.91]"
India,tt,2021-08-17,0.895004686377394,0.890730565360634,0.899288896369286,"Date: Aug 17<br>R: 0.90<br>CI: [0.89, 0.90]"
India,tt,2021-08-18,0.903718684132111,0.899373680574743,0.908074013703431,"Date: Aug 18<br>R: 0.90<br>CI: [0.90, 0.91]"
India,tt,2021-08-19,0.925364600608434,0.920921744204293,0.929818000782553,"Date: Aug 19<br>R: 0.93<br>CI: [0.92, 0.93]"
India,tt,2021-08-20,0.946572943432102,0.94204270434259,0.951113899420414,"Date: Aug 20<br>R: 0.95<br>CI: [0.94, 0.95]"
India,tt,2021-08-21,0.993521004488952,0.988853404903238,0.998199442650022,"Date: Aug 21<br>R: 0.99<br>CI: [0.99, 1.00]"
India,tt,2021-08-22,0.940014634725275,0.93546857471007,0.944571562186309,"Date: Aug 22<br>R: 0.94<br>CI: [0.94, 0.94]"
India,tt,2021-08-23,0.880125738309575,0.875708773849512,0.884553660840002,"Date: Aug 23<br>R: 0.88<br>CI: [0.88, 0.88]"
India,tt,2021-08-24,0.907117182172686,0.90258168371168,0.911663890840865,"Date: Aug 24<br>R: 0.91<br>CI: [0.90, 0.91]"
India,tt,2021-08-25,0.998593783616886,0.993782749046772,1.0034162753191,"Date: Aug 25<br>R: 1.00<br>CI: [0.99, 1.00]"
India,tt,2021-08-26,1.08465188583355,1.07962775941172,1.0896875143945,"Date: Aug 26<br>R: 1.08<br>CI: [1.08, 1.09]"
India,tt,2021-08-27,1.19569525637306,1.19046090033872,1.20094093639032,"Date: Aug 27<br>R: 1.20<br>CI: [1.19, 1.20]"
India,tt,2021-08-28,1.26946069364637,1.26416499353756,1.27476731007905,"Date: Aug 28<br>R: 1.27<br>CI: [1.26, 1.27]"
India,tt,2021-08-29,1.23467628638484,1.2295902662491,1.23977265891257,"Date: Aug 29<br>R: 1.23<br>CI: [1.23, 1.24]"
India,tt,2021-08-30,1.09188189125686,1.08721732472718,1.096556305092,"Date: Aug 30<br>R: 1.09<br>CI: [1.09, 1.10]"
India,tt,2021-08-31,1.05799962002295,1.05346384120259,1.06254500814785,"Date: Aug 31<br>R: 1.06<br>CI: [1.05, 1.06]"
India,tt,2021-09-01,1.04312972687129,1.03864877088673,1.04762019500397,"Date: Sep 01<br>R: 1.04<br>CI: [1.04, 1.05]"
India,tt,2021-09-02,1.03769709091687,1.03324546163595,1.04215815736635,"Date: Sep 02<br>R: 1.04<br>CI: [1.03, 1.04]"
India,tt,2021-09-03,1.02717714150018,1.02276315242825,1.03160050388379,"Date: Sep 03<br>R: 1.03<br>CI: [1.02, 1.03]"
India,tt,2021-09-04,1.08259686468453,1.07807718219677,1.0871258710955,"Date: Sep 04<br>R: 1.08<br>CI: [1.08, 1.09]"
India,tt,2021-09-05,1.05089806131684,1.04647505601632,1.05533026541832,"Date: Sep 05<br>R: 1.05<br>CI: [1.05, 1.06]"
India,tt,2021-09-06,0.961908667324004,0.957703847084179,0.966122571056311,"Date: Sep 06<br>R: 0.96<br>CI: [0.96, 0.97]"
India,tt,2021-09-07,0.930208013652396,0.926063757282119,0.93436139481543,"Date: Sep 07<br>R: 0.93<br>CI: [0.93, 0.93]"
India,tt,2021-09-08,0.948068698928489,0.943852865366305,0.95229379727153,"Date: Sep 08<br>R: 0.95<br>CI: [0.94, 0.95]"
India,tt,2021-09-09,0.964267860505839,0.959988738345491,0.968556367309572,"Date: Sep 09<br>R: 0.96<br>CI: [0.96, 0.97]"
India,tt,2021-09-10,0.99142577079995,0.987069114962192,0.995791887769215,"Date: Sep 10<br>R: 0.99<br>CI: [0.99, 1.00]"
India,tt,2021-09-11,0.999794034686103,0.995412978542755,1.00418457809839,"Date: Sep 11<br>R: 1.00<br>CI: [1.00, 1.00]"
India,tt,2021-09-12,0.966011171176199,0.96170542214186,0.970326404953741,"Date: Sep 12<br>R: 0.97<br>CI: [0.96, 0.97]"
India,tt,2021-09-13,0.875334410553026,0.871225647009126,0.879452706655513,"Date: Sep 13<br>R: 0.88<br>CI: [0.87, 0.88]"
India,tt,2021-09-14,0.813144243144157,0.809140243058701,0.817157989338181,"Date: Sep 14<br>R: 0.81<br>CI: [0.81, 0.82]"
India,tt,2021-09-15,0.775141808030952,0.771157141428333,0.779136601149643,"Date: Sep 15<br>R: 0.78<br>CI: [0.77, 0.78]"
India,tt,2021-09-16,0.831544950960834,0.827319032008034,0.835781486899513,"Date: Sep 16<br>R: 0.83<br>CI: [0.83, 0.84]"
India,tt,2021-09-17,0.88762902153077,0.883176344724015,0.892092740175739,"Date: Sep 17<br>R: 0.89<br>CI: [0.88, 0.89]"
India,tt,2021-09-18,0.949747424408273,0.945084723210647,0.954421441127251,"Date: Sep 18<br>R: 0.95<br>CI: [0.95, 0.95]"
India,tt,2021-09-19,0.980565009320459,0.975800527622776,0.985340934326404,"Date: Sep 19<br>R: 0.98<br>CI: [0.98, 0.99]"
India,tt,2021-09-20,0.950505956389946,0.945808114668279,0.955215275856014,"Date: Sep 20<br>R: 0.95<br>CI: [0.95, 0.96]"
India,tt,2021-09-21,0.912601285735439,0.907981933715605,0.91723219678355,"Date: Sep 21<br>R: 0.91<br>CI: [0.91, 0.92]"
India,tt,2021-09-22,0.906703142477188,0.90206152587713,0.911356506052571,"Date: Sep 22<br>R: 0.91<br>CI: [0.90, 0.91]"
India,tt,2021-09-23,0.926282189991028,0.92154488808014,0.931031469518479,"Date: Sep 23<br>R: 0.93<br>CI: [0.92, 0.93]"
India,tt,2021-09-24,0.933134584826976,0.928341557630216,0.937939783180619,"Date: Sep 24<br>R: 0.93<br>CI: [0.93, 0.94]"
India,tt,2021-09-25,0.966904282610544,0.961992581930363,0.971828317873815,"Date: Sep 25<br>R: 0.97<br>CI: [0.96, 0.97]"
India,tt,2021-09-26,0.97224874899236,0.967304259313741,0.977205669811532,"Date: Sep 26<br>R: 0.97<br>CI: [0.97, 0.98]"
India,tt,2021-09-27,0.943799641502228,0.938916649769664,0.948695123065402,"Date: Sep 27<br>R: 0.94<br>CI: [0.94, 0.95]"
India,tt,2021-09-28,0.923538369174052,0.918684918684214,0.928404430044024,"Date: Sep 28<br>R: 0.92<br>CI: [0.92, 0.93]"
India,tt,2021-09-29,0.894322120890018,0.889510068082447,0.899146975634613,"Date: Sep 29<br>R: 0.89<br>CI: [0.89, 0.90]"
India,tt,2021-09-30,0.906970165963288,0.902073698108913,0.911879704118532,"Date: Sep 30<br>R: 0.91<br>CI: [0.90, 0.91]"
India,tt,2021-10-01,0.903966355269127,0.899027963877111,0.908918086339439,"Date: Oct 01<br>R: 0.90<br>CI: [0.90, 0.91]"
India,tt,2021-10-02,0.894196675121928,0.8892376083874,0.899169340991335,"Date: Oct 02<br>R: 0.89<br>CI: [0.89, 0.90]"
India,tt,2021-10-03,0.874091016555069,0.869135915263618,0.879060008392513,"Date: Oct 03<br>R: 0.87<br>CI: [0.87, 0.88]"
India,tt,2021-10-04,0.850649183728688,0.845699589539099,0.855613020601787,"Date: Oct 04<br>R: 0.85<br>CI: [0.85, 0.86]"
India,tt,2021-10-05,0.812773337195276,0.807862142418947,0.817699209610212,"Date: Oct 05<br>R: 0.81<br>CI: [0.81, 0.82]"
India,tt,2021-10-06,0.833296134953942,0.828229166879499,0.838378342029322,"Date: Oct 06<br>R: 0.83<br>CI: [0.83, 0.84]"
India,tt,2021-10-07,0.849894713842059,0.844683561550352,0.855121670347197,"Date: Oct 07<br>R: 0.85<br>CI: [0.84, 0.86]"
India,tt,2021-10-08,0.86150349247952,0.856174574639518,0.866848714656084,"Date: Oct 08<br>R: 0.86<br>CI: [0.86, 0.87]"
India,tt,2021-10-09,0.893642223706662,0.888137523162209,0.899163696075133,"Date: Oct 09<br>R: 0.89<br>CI: [0.89, 0.90]"
India,tt,2021-10-10,0.913728712675436,0.908099614139018,0.919374964096535,"Date: Oct 10<br>R: 0.91<br>CI: [0.91, 0.92]"
India,tt,2021-10-11,0.896498315551401,0.890874721769406,0.90213935868583,"Date: Oct 11<br>R: 0.90<br>CI: [0.89, 0.90]"
India,tt,2021-10-12,0.890831146704217,0.885171403676817,0.896508677287227,"Date: Oct 12<br>R: 0.89<br>CI: [0.89, 0.90]"
India,tt,2021-10-13,0.871738744284038,0.866078510541879,0.877417159567868,"Date: Oct 13<br>R: 0.87<br>CI: [0.87, 0.88]"
India,tt,2021-10-14,0.904268527408313,0.898430543393967,0.910125156695362,"Date: Oct 14<br>R: 0.90<br>CI: [0.90, 0.91]"
India,tt,2021-10-15,0.902001426068792,0.896108568554851,0.907913329487298,"Date: Oct 15<br>R: 0.90<br>CI: [0.90, 0.91]"
India,tt,2021-10-16,0.888014891109233,0.882112744112983,0.89393644612213,"Date: Oct 16<br>R: 0.89<br>CI: [0.88, 0.89]"
India,tt,2021-10-17,0.856647582524098,0.850787027566755,0.862527975514775,"Date: Oct 17<br>R: 0.86<br>CI: [0.85, 0.86]"
India,tt,2021-10-18,0.85699875793168,0.851054463677835,0.86296345378305,"Date: Oct 18<br>R: 0.86<br>CI: [0.85, 0.86]"
India,tt,2021-10-19,0.817321516874664,0.811429041704842,0.823235015555486,"Date: Oct 19<br>R: 0.82<br>CI: [0.81, 0.82]"
India,tt,2021-10-20,0.821338512581397,0.815325123291138,0.82737369116943,"Date: Oct 20<br>R: 0.82<br>CI: [0.82, 0.83]"
India,tt,2021-10-21,0.882714326653512,0.876360470866543,0.889090816097489,"Date: Oct 21<br>R: 0.88<br>CI: [0.88, 0.89]"
India,tt,2021-10-22,0.926742157079378,0.92014408768477,0.933363473003904,"Date: Oct 22<br>R: 0.93<br>CI: [0.92, 0.93]"
India,tt,2021-10-23,0.974756119463171,0.967938134661202,0.981597702114957,"Date: Oct 23<br>R: 0.97<br>CI: [0.97, 0.98]"
India,tt,2021-10-24,1.01570417410393,1.00872542582237,1.02270664800307,"Date: Oct 24<br>R: 1.02<br>CI: [1.01, 1.02]"
India,tt,2021-10-25,1.00828274258236,1.00134142903818,1.01524770081425,"Date: Oct 25<br>R: 1.01<br>CI: [1.00, 1.02]"
India,tt,2021-10-26,0.929467347396786,0.922816161080992,0.936142087198973,"Date: Oct 26<br>R: 0.93<br>CI: [0.92, 0.94]"
India,tt,2021-10-27,0.909696201107576,0.903082568102803,0.916333629869651,"Date: Oct 27<br>R: 0.91<br>CI: [0.90, 0.92]"
India,tt,2021-10-28,0.92507753192337,0.918344180638023,0.931835138247814,"Date: Oct 28<br>R: 0.93<br>CI: [0.92, 0.93]"
India,tt,2021-10-29,0.920307047142866,0.913535136383711,0.927103619682727,"Date: Oct 29<br>R: 0.92<br>CI: [0.91, 0.93]"
India,tt,2021-10-30,0.935047807069725,0.928167769144489,0.941952899307847,"Date: Oct 30<br>R: 0.94<br>CI: [0.93, 0.94]"
India,tt,2021-10-31,0.953567849238258,0.946571369124164,0.960589735439042,"Date: Oct 31<br>R: 0.95<br>CI: [0.95, 0.96]"
India,tt,2021-11-01,0.950237040654544,0.943218683408831,0.957281053351488,"Date: Nov 01<br>R: 0.95<br>CI: [0.94, 0.96]"
India,tt,2021-11-02,0.880715723079348,0.873928143462706,0.887529196984453,"Date: Nov 02<br>R: 0.88<br>CI: [0.87, 0.89]"
India,tt,2021-11-03,0.865326148832403,0.858527169728187,0.87215157331786,"Date: Nov 03<br>R: 0.87<br>CI: [0.86, 0.87]"
India,tt,2021-11-04,0.869926698401054,0.863011608468,0.876869001249487,"Date: Nov 04<br>R: 0.87<br>CI: [0.86, 0.88]"
India,tt,2021-11-05,0.89274368704543,0.885641310008675,0.899874037411188,"Date: Nov 05<br>R: 0.89<br>CI: [0.89, 0.90]"
India,tt,2021-11-06,0.889588889423551,0.882417159493216,0.896789244314075,"Date: Nov 06<br>R: 0.89<br>CI: [0.88, 0.90]"
India,tt,2021-11-07,0.915806843335075,0.908450511947525,0.923192429633001,"Date: Nov 07<br>R: 0.92<br>CI: [0.91, 0.92]"
India,tt,2021-11-08,0.925482882358746,0.918020388804707,0.932975166993609,"Date: Nov 08<br>R: 0.93<br>CI: [0.92, 0.93]"
India,tt,2021-11-09,0.895099279293728,0.887706756129074,0.902522032800425,"Date: Nov 09<br>R: 0.90<br>CI: [0.89, 0.90]"
India,tt,2021-11-10,0.892080130220522,0.884628338033139,0.899562744835592,"Date: Nov 10<br>R: 0.89<br>CI: [0.88, 0.90]"
India,tt,2021-11-11,0.948221379040531,0.940452016043445,0.956022261288478,"Date: Nov 11<br>R: 0.95<br>CI: [0.94, 0.96]"
India,tt,2021-11-12,0.988640549076271,0.980655443107894,0.996657586048553,"Date: Nov 12<br>R: 0.99<br>CI: [0.98, 1.00]"
India,tt,2021-11-13,0.99779968633931,0.989767822626961,1.00586355912045,"Date: Nov 13<br>R: 1.00<br>CI: [0.99, 1.01]"
India,tt,2021-11-14,1.01644120844277,1.00833732370933,1.02457708002326,"Date: Nov 14<br>R: 1.02<br>CI: [1.01, 1.02]"
India,tt,2021-11-15,0.992232950064822,0.984239679454534,1.00025810083421,"Date: Nov 15<br>R: 0.99<br>CI: [0.98, 1.00]"
India,tt,2021-11-16,0.920720209294627,0.913022590603306,0.928449694598087,"Date: Nov 16<br>R: 0.92<br>CI: [0.91, 0.93]"
India,tt,2021-11-17,0.893402282740659,0.885769951273777,0.90106690342732,"Date: Nov 17<br>R: 0.89<br>CI: [0.89, 0.90]"
India,tt,2021-11-18,0.91477641448801,0.906966612011253,0.922619235218022,"Date: Nov 18<br>R: 0.91<br>CI: [0.91, 0.92]"
India,tt,2021-11-19,0.92979480114653,0.921844299567627,0.937778968901606,"Date: Nov 19<br>R: 0.93<br>CI: [0.92, 0.94]"
India,tt,2021-11-20,0.944906430775466,0.936832331627437,0.953014695591595,"Date: Nov 20<br>R: 0.94<br>CI: [0.94, 0.95]"
India,tt,2021-11-21,0.985418729239984,0.977125664278793,0.993746354066553,"Date: Nov 21<br>R: 0.99<br>CI: [0.98, 0.99]"
India,tt,2021-11-22,0.958229103247154,0.950034449235767,0.966458461612508,"Date: Nov 22<br>R: 0.96<br>CI: [0.95, 0.97]"
India,tt,2021-11-23,0.883975430571213,0.876081915529334,0.891903857575107,"Date: Nov 23<br>R: 0.88<br>CI: [0.88, 0.89]"
India,tt,2021-11-25,1.03970695025822,1.03105609200705,1.04839344948709,"Date: Nov 25<br>R: 1.04<br>CI: [1.03, 1.05]"
India,tt,2021-11-26,1.04506353243365,1.03638743340591,1.05377529664651,"Date: Nov 26<br>R: 1.05<br>CI: [1.04, 1.05]"
India,tt,2021-11-27,0.99171846555063,0.983319771002713,1.00015238171935,"Date: Nov 27<br>R: 0.99<br>CI: [0.98, 1.00]"
India,tt,2021-11-28,0.995588061747042,0.987179063898549,1.00403223005954,"Date: Nov 28<br>R: 1.00<br>CI: [0.99, 1.00]"
India,tt,2021-11-29,1.01100547688396,1.00252367757453,1.01952251161896,"Date: Nov 29<br>R: 1.01<br>CI: [1.00, 1.02]"
India,tt,2021-11-30,0.797411323967921,0.789886790983475,0.804971034019293,"Date: Nov 30<br>R: 0.80<br>CI: [0.79, 0.80]"
India,tt,2021-12-01,0.792471532128027,0.784851080368019,0.800128291653548,"Date: Dec 01<br>R: 0.79<br>CI: [0.78, 0.80]"
India,tt,2021-12-02,0.861077422792357,0.852938118091013,0.869254844505476,"Date: Dec 02<br>R: 0.86<br>CI: [0.85, 0.87]"
India,tt,2021-12-03,0.899301628243473,0.890844472273333,0.907798186307512,"Date: Dec 03<br>R: 0.90<br>CI: [0.89, 0.91]"
India,tt,2021-12-04,0.924739330993096,0.91607230488822,0.933446600068387,"Date: Dec 04<br>R: 0.92<br>CI: [0.92, 0.93]"
India,tt,2021-12-05,0.980042018008395,0.971050857936203,0.989074039471173,"Date: Dec 05<br>R: 0.98<br>CI: [0.97, 0.99]"
India,tt,2021-12-06,0.971224693033105,0.962250343664269,0.980240122062854,"Date: Dec 06<br>R: 0.97<br>CI: [0.96, 0.98]"
India,tt,2021-12-07,0.910552354749982,0.901848462890695,0.919297468837986,"Date: Dec 07<br>R: 0.91<br>CI: [0.90, 0.92]"
India,tt,2021-12-08,0.907192957851909,0.898439719797076,0.915988043126972,"Date: Dec 08<br>R: 0.91<br>CI: [0.90, 0.92]"
India,tt,2021-12-09,0.94387979150245,0.93486151735356,0.952940756878357,"Date: Dec 09<br>R: 0.94<br>CI: [0.93, 0.95]"
India,tt,2021-12-10,0.947470519546524,0.938375375391905,0.956608922218049,"Date: Dec 10<br>R: 0.95<br>CI: [0.94, 0.96]"
India,tt,2021-12-11,0.949617096841545,0.940466738366531,0.958811142467074,"Date: Dec 11<br>R: 0.95<br>CI: [0.94, 0.96]"
India,tt,2021-12-12,0.981279440101372,0.971931180993571,0.990671822838145,"Date: Dec 12<br>R: 0.98<br>CI: [0.97, 0.99]"
India,tt,2021-12-13,0.9605685509533,0.951297266462658,0.969884173938221,"Date: Dec 13<br>R: 0.96<br>CI: [0.95, 0.97]"
India,tt,2021-12-14,0.880782982059982,0.871879283757199,0.889731287067266,"Date: Dec 14<br>R: 0.88<br>CI: [0.87, 0.89]"
India,tt,2021-12-15,0.86292623568483,0.854020805305336,0.871877218327593,"Date: Dec 15<br>R: 0.86<br>CI: [0.85, 0.87]"
India,tt,2021-12-16,0.888175214647672,0.879006920065331,0.897390417869132,"Date: Dec 16<br>R: 0.89<br>CI: [0.88, 0.90]"
India,tt,2021-12-17,0.902272392666387,0.89291593872673,0.911676938233545,"Date: Dec 17<br>R: 0.90<br>CI: [0.89, 0.91]"
India,tt,2021-12-18,0.915352395723012,0.905832879857999,0.924920983440229,"Date: Dec 18<br>R: 0.92<br>CI: [0.91, 0.92]"
India,tt,2021-12-19,0.965573786844431,0.955710894977644,0.975486610151281,"Date: Dec 19<br>R: 0.97<br>CI: [0.96, 0.98]"
India,tt,2021-12-20,0.962728186827469,0.952837506538859,0.972669230211396,"Date: Dec 20<br>R: 0.96<br>CI: [0.95, 0.97]"
India,tt,2021-12-21,0.89750647301093,0.88792996749242,0.907133633957961,"Date: Dec 21<br>R: 0.90<br>CI: [0.89, 0.91]"
India,tt,2021-12-22,0.882616925181346,0.873037075989801,0.89224832503811,"Date: Dec 22<br>R: 0.88<br>CI: [0.87, 0.89]"
India,tt,2021-12-23,0.914469187470343,0.904596600258442,0.924394615500964,"Date: Dec 23<br>R: 0.91<br>CI: [0.90, 0.92]"
India,tt,2021-12-24,0.920135296709632,0.91013576548111,0.930188704478388,"Date: Dec 24<br>R: 0.92<br>CI: [0.91, 0.93]"
India,tt,2021-12-25,0.952845531200087,0.942589010951566,0.963156784208559,"Date: Dec 25<br>R: 0.95<br>CI: [0.94, 0.96]"
India,tt,2021-12-27,1.20228530168478,1.19069943066145,1.21392649192451,"Date: Dec 27<br>R: 1.20<br>CI: [1.19, 1.21]"
India,tt,2021-12-28,1.16726738926686,1.15602455320283,1.17856387987996,"Date: Dec 28<br>R: 1.17<br>CI: [1.16, 1.18]"
India,tt,2021-12-29,1.16687770003082,1.15586296902463,1.17794394276094,"Date: Dec 29<br>R: 1.17<br>CI: [1.16, 1.18]"
India,tt,2021-12-30,1.29926104282907,1.28783043856658,1.3107414537141,"Date: Dec 30<br>R: 1.30<br>CI: [1.29, 1.31]"
India,tt,2021-12-31,1.4696654821491,1.45782929635194,1.48154886226006,"Date: Dec 31<br>R: 1.47<br>CI: [1.46, 1.48]"
India,tt,2022-01-01,1.3129494273188,1.3031172515023,1.32281804613207,"Date: Jan 01<br>R: 1.31<br>CI: [1.30, 1.32]"
India,tt,2022-01-02,1.50554832098698,1.49569757115032,1.51543095703755,"Date: Jan 02<br>R: 1.51<br>CI: [1.50, 1.52]"
India,tt,2022-01-03,1.54006205753997,1.53113481727291,1.54901488924164,"Date: Jan 03<br>R: 1.54<br>CI: [1.53, 1.55]"
India,tt,2022-01-04,1.49128654514454,1.48343499413854,1.49915853393471,"Date: Jan 04<br>R: 1.49<br>CI: [1.48, 1.50]"
India,tt,2022-01-05,1.59337979969029,1.58601818870857,1.60075822082776,"Date: Jan 05<br>R: 1.59<br>CI: [1.59, 1.60]"
India,tt,2022-01-06,1.72875465133811,1.72195339107437,1.73556913196273,"Date: Jan 06<br>R: 1.73<br>CI: [1.72, 1.74]"
India,tt,2022-01-07,1.75228291076258,1.74637394513484,1.75820171867321,"Date: Jan 07<br>R: 1.75<br>CI: [1.75, 1.76]"
India,tt,2022-01-08,1.71577841339096,1.71074369499416,1.72082042757737,"Date: Jan 08<br>R: 1.72<br>CI: [1.71, 1.72]"
India,tt,2022-01-09,1.65181893559275,1.64752499963254,1.65611838292767,"Date: Jan 09<br>R: 1.65<br>CI: [1.65, 1.66]"
India,tt,2022-01-10,1.55939165956736,1.55571270684687,1.56307489730821,"Date: Jan 10<br>R: 1.56<br>CI: [1.56, 1.56]"
India,tt,2022-01-11,1.4041378784848,1.40099620883005,1.40728301826223,"Date: Jan 11<br>R: 1.40<br>CI: [1.40, 1.41]"
India,tt,2022-01-12,1.33852590887091,1.33566541491778,1.34138942046314,"Date: Jan 12<br>R: 1.34<br>CI: [1.34, 1.34]"
India,tt,2022-01-13,1.34340167308499,1.34069405840175,1.34611198149641,"Date: Jan 13<br>R: 1.34<br>CI: [1.34, 1.35]"
India,tt,2022-01-14,1.32648604424289,1.32395499837509,1.32901947385812,"Date: Jan 14<br>R: 1.33<br>CI: [1.32, 1.33]"
India,tt,2022-01-15,1.27999079647714,1.27764553846231,1.28233817539608,"Date: Jan 15<br>R: 1.28<br>CI: [1.28, 1.28]"
India,tt,2022-01-16,1.26839341361832,1.26616759564739,1.27062115935975,"Date: Jan 16<br>R: 1.27<br>CI: [1.27, 1.27]"
India,tt,2022-01-17,1.21800813957776,1.21592613960399,1.22009189598424,"Date: Jan 17<br>R: 1.22<br>CI: [1.22, 1.22]"
India,tt,2022-01-18,1.12920009161323,1.12726367179582,1.13113815031979,"Date: Jan 18<br>R: 1.13<br>CI: [1.13, 1.13]"
India,tt,2022-01-19,1.11281906046558,1.11092083040406,1.11471888858548,"Date: Jan 19<br>R: 1.11<br>CI: [1.11, 1.11]"
India,tt,2022-01-20,1.12657602008503,1.12468882900914,1.12846477137494,"Date: Jan 20<br>R: 1.13<br>CI: [1.12, 1.13]"
India,tt,2022-01-21,1.14577155636803,1.14390342134611,1.14764119460749,"Date: Jan 21<br>R: 1.15<br>CI: [1.14, 1.15]"
India,tt,2022-01-22,1.14993449980458,1.14810920563995,1.15176122380683,"Date: Jan 22<br>R: 1.15<br>CI: [1.15, 1.15]"
India,tt,2022-01-23,1.1594677977021,1.15768246498005,1.16125448706079,"Date: Jan 23<br>R: 1.16<br>CI: [1.16, 1.16]"
India,tt,2022-01-24,1.1100083562562,1.10831123726841,1.11170675574495,"Date: Jan 24<br>R: 1.11<br>CI: [1.11, 1.11]"
India,tt,2022-01-25,1.03640067671325,1.03478549589977,1.03801709975816,"Date: Jan 25<br>R: 1.04<br>CI: [1.03, 1.04]"
India,tt,2022-01-26,1.00414876792466,1.00255257985856,1.00574620816465,"Date: Jan 26<br>R: 1.00<br>CI: [1.00, 1.01]"
India,tt,2022-01-27,0.988969972535011,0.987370676351048,0.990570545084851,"Date: Jan 27<br>R: 0.99<br>CI: [0.99, 0.99]"
India,tt,2022-01-28,0.953208647871292,0.951622064511945,0.954796534542824,"Date: Jan 28<br>R: 0.95<br>CI: [0.95, 0.95]"
India,tt,2022-01-29,0.938159234390549,0.936556384386396,0.93976343593591,"Date: Jan 29<br>R: 0.94<br>CI: [0.94, 0.94]"
India,tt,2022-01-30,0.958997911863156,0.957345843655253,0.960651384699364,"Date: Jan 30<br>R: 0.96<br>CI: [0.96, 0.96]"
India,tt,2022-01-31,0.92095040487808,0.919314615459041,0.922587628310319,"Date: Jan 31<br>R: 0.92<br>CI: [0.92, 0.92]"
India,tt,2022-02-01,0.866527921379018,0.864907868787815,0.868149468932726,"Date: Feb 01<br>R: 0.87<br>CI: [0.86, 0.87]"
India,tt,2022-02-02,0.852853557060883,0.851189588734386,0.854519127849441,"Date: Feb 02<br>R: 0.85<br>CI: [0.85, 0.85]"
India,tt,2022-02-03,0.856210868982662,0.854485511777547,0.857937942369045,"Date: Feb 03<br>R: 0.86<br>CI: [0.85, 0.86]"
India,tt,2022-02-04,0.826927204248765,0.825180611979542,0.828675617570446,"Date: Feb 04<br>R: 0.83<br>CI: [0.83, 0.83]"
India,tt,2022-02-05,0.805663226311194,0.803875102814697,0.807453308973389,"Date: Feb 05<br>R: 0.81<br>CI: [0.80, 0.81]"
India,tt,2022-02-06,0.805027963281528,0.8031677802915,0.806890268292392,"Date: Feb 06<br>R: 0.81<br>CI: [0.80, 0.81]"
India,tt,2022-02-07,0.772918612375645,0.771027808174267,0.774811700270047,"Date: Feb 07<br>R: 0.77<br>CI: [0.77, 0.77]"
India,tt,2022-02-08,0.706643925871494,0.70475393154455,0.7085364162166,"Date: Feb 08<br>R: 0.71<br>CI: [0.70, 0.71]"
India,tt,2022-02-09,0.683175647410175,0.681199078756434,0.685155040070644,"Date: Feb 09<br>R: 0.68<br>CI: [0.68, 0.69]"
India,tt,2022-02-10,0.670369371496537,0.668286718978551,0.67245521952031,"Date: Feb 10<br>R: 0.67<br>CI: [0.67, 0.67]"
India,tt,2022-02-11,0.661142598050942,0.658947784737265,0.663341010232587,"Date: Feb 11<br>R: 0.66<br>CI: [0.66, 0.66]"
India,tt,2022-02-12,0.670242445078047,0.667902132913106,0.672586793868677,"Date: Feb 12<br>R: 0.67<br>CI: [0.67, 0.67]"
India,tt,2022-02-13,0.688022755437343,0.68552867046083,0.690521306747306,"Date: Feb 13<br>R: 0.69<br>CI: [0.69, 0.69]"
